ID,Price,Address,zip,status,Subdivision,Year Built,Bedrooms,Bathrooms,Approx SQFT
1,400000,2549 N MITCHELL ST,85006,Closed,FOWLER TRACT LOTS 1-96,1918,3,1,1195
2,790000,5008 E CHARTER OAK RD,85254,Closed,GREENBRIER EAST UNIT 1,1976,4,2,2034
3,379900,6135 W LAWRENCE RD,85301,Closed,ORCHARD ADD BLK 11 LOT 1,1959,4,2,1271
4,435000,7937 W HIGHLAND AVE,85033,Closed,MARYVALE TERRACE,1979,3,2,1390
5,441000,12619 N 42ND DR,85029,Closed,TAMARRON 1,1978,4,2,1468
6,830000,4642 N 40TH ST,85018,Closed,BRIDGEWOOD NORTH 40,1973,3,2,1837
7,382000,1239 E Fremont RD,85042,Closed,Oro Vista,2009,3,2,1377
8,342000,1716 N 77TH GLN,85035,Closed,VINSANTO,2007,2,2.5,1284
9,350000,3034 E DIAMOND ST,85008,Closed,MCDOWELL HOMES BLK 1-4,1950,3,2,1366
10,440000,7753 W BONITOS DR,85035,Closed,VINSANTO,2013,3,3,1934
11,450000,3609 W BROWN ST,85051,Closed,CAVALIER FREEWAY NORTH UNIT 2,1970,4,2,1916
12,543000,2323 W BEVERLY RD,85041,Closed,SILVA MOUNTAIN UNIT 1,2007,4,2,2236
13,320000,2902 W NORTHERN AVE,85051,Closed,ALTA VISTA 2,1953,2,1,822
14,290000,5032 S 35TH DR,85041,Closed,ARRINGTON PL TR A,1952,5,2,1410
15,750000,1708 E MONTEBELLO AVE,85016,Closed,TANGERINE PARK 1 AMD,1950,3,3,2254
16,370000,7233 W COLTER ST,85303,Closed,WEST CAMELBACK VILLAGE 3,1978,2,2,1048
17,800000,5002 E PARADISE DR,85254,Closed,TAMI ESTATES,1973,3,1.75,2009
18,820000,3002 E WELDON AVE,85016,Closed,SANTO TOMAS EAST,1971,3,2,1775
19,385000,3729 W BUTLER DR,85051,Closed,STARDUST SKIES UNIT 4,1964,3,2,1282
20,460000,8346 N 55TH AVE,85302,Closed,DEBORAH HOMES NO. 3,1971,5,3,2155
21,305000,8622 S 7TH PL,85042,Closed,CRESTLEA 2,1964,3,1,1039
22,545000,2738 N GREENFIELD RD,85006,Closed,GREENFIELD GARDENS BLOCKS 6 7,1944,4,2,2102
23,520000,4640 N 11TH PL,85014,Closed,HIXSON HOMES,1947,4,2,1975
24,300000,6918 W COOLIDGE ST,85033,Closed,MARYVALE TERRACE 26 AMD LOTS 10369-10434 & TR A,1960,3,1.5,1391
25,477500,1219 W 10TH PL,85281,Closed,WESTGATE SUB 3,1972,3,2,1408
26,240000,1628 E SUNLAND AVE,85040,Closed,LA CHULA VISTA SUB,1950,3,2,1800
27,475000,7856 W SAN MIGUEL AVE,85303,Closed,MONTEBELLO ESTATES,1999,4,2,1930
28,479100,6529 W PIONEER ST,85043,Closed,ESTRELLA MANOR,2001,3,2.5,2378
29,682500,4502 E JOAN DE ARC AVE,85032,Closed,Roadrunner Estates East,1978,3,2,1768
30,615000,2929 E BLOOMFIELD RD,85032,Closed,TOPAZ PARK,1972,3,2,1973
31,417000,7951 W MONTEROSA ST,85033,Closed,WILLOWS WEST 4,1983,3,2,1530
32,745000,14836 N HANA MAUI DR,85022,Closed,MOON VALLEY 2,1974,4,2.5,3211
33,495000,1706 E ROMA AVE,85016,Closed,MONTECITO TRACT 2,1953,3,1,1395
34,285000,2745 E PORTLAND ST,85008,Closed,DEL REY LOTS 21-58 & LOT 99,1963,3,2,1124
35,348000,3031 W BUTLER DR,85051,Closed,ALTA VISTA 3,1953,3,1.5,1122
36,350000,1643 N 38TH LN,85009,Closed,PALOMAR HOMES 3,1946,4,3,1284
37,395000,3216 W MESCAL ST,85029,Closed,KNOELL NORTH UNIT 2,1968,3,2,1430
38,377000,5144 W Monte Vista RD,85035,Closed,WEDGEWOOD PARK 9,1972,4,2,1555
39,364995,2706 E Mobile LN,85040,Closed,BEN-JO ESTATES LOTS 137-158,1948,4,2,1452
40,427000,6528 W FILLMORE ST,85043,Closed,SUNBURST FARMS SOUTH,1976,3,1,1192
41,410000,7522 N 30TH AVE,85051,Closed,BUNGALOWS AT ORANGEWOOD AMD,2014,3,3.5,1758
42,360000,6224 W BERKELEY RD,85035,Closed,MARYVALE TERRACE NO. 45,1972,3,2,1289
43,470000,2232 W SAN MIGUEL AVE,85015,Closed,BETHANY VILLA 1,1954,3,2,1500
44,361000,809 S 6th AVE,85003,Closed,"MONTGOMERY ADD AMD BLKS 75,83,84,91,99-102",2022,3,2,976
45,470000,4727 W LYDIA LN,85339,Closed,ROGERS RANCH PARCEL 15,2017,4,3,1853
46,360000,4217 W VISTA AVE,85051,Closed,"LORI HEIGHTS LOTS 204-223, 294-327",1963,3,2,1188
47,472000,10417 N 64TH AVE,85302,Closed,CHAPARRAL RANCH LT 100-248,1985,3,2,1799
48,400000,5123 W SELDON LN,85302,Closed,ROYAL OAKS UNIT 9,1983,3,1.75,1234
49,380000,5228 W WARNER ST,85043,Closed,RIVERBEND 1 UNIT A,2006,3,2.5,1452
50,670000,811 E PORT AU PRINCE LN,85022,Closed,HIDDEN HILLS,1977,4,2,1980
51,542000,3908 W COLUMBINE DR,85029,Closed,CACTUS PARK 2,1996,3,2,2272
52,367000,5802 W Virginia AVE,85035,Closed,HOMESTEAD TERRACE,1970,4,2,1540
53,425000,2509 W FAWN DR,85041,Closed,SILVA MOUNTAIN UNIT 1,2007,3,2,1515
54,335000,1748 E MONTE VISTA RD,85006,Closed,RONALDS PARK,1935,3,1.75,1260
55,383000,2335 W Shaw Butte DR,85029,Closed,VALLEY VISTA UNIT 4A,1968,4,2,1469
56,875000,7251 E MANZANITA DR,85258,Closed,SANTO TOMAS SCOTTSDALE 1,1978,3,2,1991
57,500000,1318 S SHAFER DR,85281,Closed,STARLITE MANOR,1977,4,2,1952
58,590000,903 E BASELINE RD,85042,Closed,KNOX RANCH SUBDIVISION,1989,3,2,2010
59,375000,4838 W SOLANO DR N,85301,Closed,BETHANY HEIGHTS 4,1975,4,2,1960
60,875000,2210 E SHEA BLVD,85028,Closed,DESERT VISTA UNIT 5 AMD,1977,4,2,2600
61,277000,8201 W EARLL DR,85033,Closed,MARYVALE TERRACE 30 TR A,1969,3,1,960
62,400000,12841 N 40TH AVE,85029,Closed,TAMARRON 2,1979,3,2,1554
63,546900,114 E Calavar RD,85022,Closed,Hillcrest Two / Hillcrest 2,1973,3,2,2342
64,300000,4426 W SUNNYSLOPE LN,85302,Closed,SKYVIEW NORTH,1971,2,1,896
65,375000,2921 N 53RD AVE,85031,Closed,MARYVALE TERRACE 19 LTS 6441-6445 & TR A,1958,4,2,1680
66,260000,5432 W MYRTLE AVE,85301,Closed,COOK & WHITE ADD AMD,1947,3,1,1300
67,198000,5522 W MYRTLE AVE,85301,Closed,"CATLIN COURT BLK 13-15, 18-20",1915,3,1,855
68,243500,4237 W LATHAM ST,85009,Closed,WINONA PARK 2 LOTS 75-78,1960,3,1,975
69,415000,2318 W CLAREMONT ST,85015,Closed,CAVALIER FREEWAY,1956,4,2,1296
70,550000,3058 E CAPTAIN DREYFUS AVE,85032,Closed,SWEETWATER COVE,1999,3,2,1554
71,344000,3223 W ACAPULCO LN,85053,Closed,"COUNTRY GABLES 2 LOT 256-281, 294-325, & TR D",1970,3,1.75,1562
72,560000,7537 N 17TH DR,85021,Closed,NORTHERN STAR UNIT 2,1954,4,1.75,1830
73,400000,6022 W PUEBLO AVE,85043,Closed,RIO DEL REY UNIT 2,2003,3,2,1442
74,365000,6419 W Desert Cove AVE,85304,Closed,Westbury Manor,1983,3,2,1292
75,330000,6751 W ORANGE DR,85303,Closed,WEST CAMELBACK VILLAGE,1973,2,1,816
76,721000,631 N 74th PL,85257,Closed,"NEW PAPAGO PARKWAY 11 LOTS 588-607, 614-628&TR C",1960,4,3,1508
77,485000,6958 W BROWN ST,85345,Closed,BRAEMAR UNIT 7,1986,3,2,1742
78,550000,2429 E BEVERLY RD,85042,Closed,MOUNTAIN TRAILS EAST,2018,3,2,1902
79,370000,5417 W CYPRESS ST,85035,Closed,WEDGEWOOD PARK,1973,3,2,1308
80,865000,3402 E INDIANOLA AVE,85018,Closed,WILSHIRE TERRACE,1958,4,3,2031
81,457000,9226 N 48TH DR,85302,Closed,SANDS WEST UNIT FIVE,1974,4,2,2012
82,775000,438 W HARMONT DR,85021,Closed,DIANA ESTATES PLAT 3,1956,3,2,2359
83,455000,2240 W BERRIDGE LN,85015,Closed,MELROSE VALLEY ESTATES 1,1958,4,2,1843
84,405000,6218 W WOOD ST,85043,Closed,RIO DEL REY UNIT 1,2001,4,2,1610
85,435000,5708 W FRIER DR,85301,Closed,SANDS ESTATES 5,1972,3,2,2374
86,389000,6541 W RIVA RD,85043,Closed,ESTRELLA MANOR,2002,3,2,1258
87,432000,2405 W ELLIS ST,85041,Closed,COPPER CREEK,2002,3,2,1763
88,375000,3850 N 12TH AVE,85013,Closed,WOODLAWN PARK,1947,2,1,1000
89,450000,505 W DESERT LN,85041,Closed,HIGHLINE ESTATES,2015,3,2,1618
90,430000,3823 N 84TH LN,85037,Closed,ARIZONA HOMES NO. 2,1971,4,2,1687
91,450000,6638 S 18TH LN,85041,Closed,VINEYARD PARK,2003,3,2,1741
92,390000,3828 W LAWRENCE RD,85019,Closed,FLEETWOOD UNIT 3,1958,3,3,1588
93,485000,5317 W SELDON LN,85302,Closed,ROYAL OAKS UNIT 9,1980,3,1.75,1725
94,555000,5612 S 58TH LN,85339,Closed,RIVERWALK VILLAGES PHASE 3 REPLAT,2015,4,2.5,2462
95,800000,5617 S MONTEZUMA ST,85041,Closed,None,1950,4,2,1653
96,520000,8307 S 23RD DR,85041,Closed,SILVA MOUNTAIN UNIT 1,2010,4,2.5,2326
97,795000,11423 N 12TH PL,85020,Closed,LEGEND AT POINTE TAPATIO CLIFFS,2002,3,2.5,2557
98,368199,2024 E HUBBELL ST,85006,Closed,JACKSON VILLA LOTS 1-27,1950,3,1.75,1364
99,554900,6828 S 12TH PL,85042,Closed,CORTONA,2021,4,3,1946
100,300000,3919 W TUCKEY LN,85019,Closed,WEST PLAZA 12 LOT 2042-2211,1960,2,1.75,1161
101,899000,8236 E GLENROSA AVE,85251,Closed,SCOTTSDALE ESTATES 9 LOTS 1184-1350,1959,3,2,1550
102,585000,7315 N 82ND DR,85303,Closed,WEST GLENN ESTATES,2002,5,3,2629
103,335000,1324 W SUNLAND AVE,85041,Closed,HIGHLAND PARK SUB PLAT 1,1955,3,1,863
104,651000,1336 E Georgia AVE,85014,Closed,SHERWOOD VILLAGE LOTS,1955,3,2,1677
105,565000,3147 W KINGS AVE W,85053,Closed,RANCHO ENCANTO UNIT 2,1978,4,2,2073
106,490000,4321 W RUTH AVE,85302,Closed,MANZANITA MANOR 2,1980,3,2,1806
107,495000,2249 E PECAN RD,85040,Closed,COPPER LEAF DEVELOPMENT UNIT 2,2007,3,2.5,1951
108,552000,7212 S 30th ST,85042,Closed,ENCANTO AT THE LEGACY,2000,3,2,1703
109,585000,2443 W CROCUS DR,85023,Closed,THUNDERBIRD VALLEY UNIT 2,1979,3,2,1912
110,690000,5743 N 11th PL,85014,Closed,MCADAMS MANOR 3,1993,3,2,1998
111,692000,2446 E MINNEZONA AVE,85016,Closed,CAVALIER CAMPUS,1954,3,2,1650
112,360000,3334 W Culver ST,85009,Closed,WESTCROFT PLACE PLAT 2,1946,3,2,1250
113,675000,2628 N 31st ST,85008,Closed,Matthews Tract,2021,4,3.5,2774
114,518000,5141 W BOWKER ST,85339,Closed,RIVER WALK VILLAGES PHASE 1,2002,3,2,2072
115,751111,14226 N 14TH ST,85022,Closed,LEGACY AT THE POINTE LOT 1-67 TR A-N,1994,5,3.5,4272
116,541600,7916 W ROSE LN,85303,Closed,SHADOW VIEW RANCH LOT 1-46 TR A-C,1995,4,2,2150
117,290000,1206 E ADAMS ST,85034,Closed,EASTLAKE PARK UNIT ONE LOT 13-16 TR A,1926,2,1,832
118,470000,920 W MERCER LN,85029,Closed,SADDLE ROCK HILLS,1954,6,3,2079
119,310000,2830 W SOLANO DR N,85017,Closed,CAVALIER PARKWAY,1950,2,1,977
120,400000,3451 E Thunderbird RD,85032,Closed,PARADISE VALLEY OASIS,1970,3,1.75,1900
121,257000,1007 S 4TH AVE,85003,Closed,MONTGOMERY,1916,2,1,850
122,436000,13233 N 55TH DR,85304,Closed,THUNDERBIRD PALMS UNIT 4 AMD,1983,3,2,1169
123,364000,4628 N 79TH AVE,85033,Closed,PONDEROSA HOMES WEST UNIT TWO,1978,2,1.5,1031
124,386000,4318 N 85TH AVE,85037,Closed,SUNRISE TERRACE UNIT 3,1971,3,2,1422
125,740000,8225 E CHAPARRAL RD,85250,Closed,SCOTTSDALE COUNTRY ACRES 2,1961,3,3,2054
126,460000,16036 N 11TH AVE 1071,85023,Closed,VILLAS AT MOON VALLEY CONDOMINIUM,2003,4,2,1619
127,460000,7754 W MYRTLE AVE,85303,Closed,ORANGEWOOD ESTATES,2003,4,2,2045
128,485000,9055 N 41ST AVE,85051,Closed,NEWCASTLE VILLAGE 1,1967,3,2,1759
129,320000,3129 W MONTE VISTA RD,85009,Closed,NORTHWEST HOMESITES 2 BLKS 20-26,1945,3,1,1113
130,550000,3227 E Presidio RD,85032,Closed,Paradise Valley Oasis 2,1962,3,2,1374
131,426900,5652 W Cochise DR,85302,Closed,BRAEMAR ESTATES NO. 4,1975,3,2,1440
132,408000,4012 W PALO VERDE DR,85019,Closed,WEST PLAZA 19,1968,3,2,1723
133,400000,15835 N 23RD PL,85022,Closed,MOUNTAIN VISTA UNIT ONE,1981,2,1,1196
134,407000,6035 W FAIRMOUNT AVE,85033,Closed,MARYVALE TERRACE 4 AMD,1958,3,2,1525
135,399900,3108 W CHARTER OAK RD,85029,Closed,"WESTOWN 4 LOT 373-502, TRS A & B",1960,3,2,1350
136,506000,7311 S 15TH LN,85041,Closed,ESTATES AT BASELINE,2004,4,2.5,2149
137,383000,840 N 61ST DR,85043,Closed,CENTURA WEST 2,1981,3,2,1564
138,735000,6842 S 27TH PL,85042,Closed,FAIRWAYS AT THE LEGACY UNIT 2 REPLAT,2001,3,2,2144
139,890000,319 E FOREST HILLS DR,85022,Closed,MOON VALLEY 2,1975,4,2.5,2523
140,576000,3823 E KINGS AVE,85032,Closed,VISTAS 2,1996,3,2,1713
141,831000,15443 N 13TH AVE,85023,Closed,MOONLIGHT COVE TWO LOT 133-281 TR A-I,1994,5,2.5,3018
142,332900,3825 W ORANGEWOOD AVE,85051,Closed,SUNGOLD 3,1962,3,2,1066
143,420000,1706 E GRANADA RD,85006,Closed,MCDOWELL MANORS,1950,2,1,1116
144,489000,11214 N 36TH DR,85029,Closed,MELROSE GARDENS NW UNIT T,1969,4,2,2093
145,389000,4541 W PARK ST,85339,Closed,ROGERS RANCH UNIT 4,2007,3,2,1214
146,730000,744 W BEVERLY LN,85023,Closed,MOONLIGHT COVE 3,1995,3,3,2384
147,605000,5611 W BLOOMFIELD RD,85304,Closed,MISSION GROVES 2 AT MARSHALL RANCH LT 1-76 TR A B,1992,5,2.5,3024
148,950000,8542 N FARVIEW DR,85258,Closed,EASTWOOD AMD,1979,3,2.5,2581
149,240000,3536 W PIERCE ST,85009,Closed,WEST PHOENIX NO 2,1950,3,2,1138
150,371000,4607 W MISSION LN,85302,Closed,SKYVIEW NORTH 1,1971,3,2,1119
151,340000,5541 N 61ST LN,85301,Closed,MARYVALE TERRACE 20-A LTS 7490-7494,1959,3,1.5,1157
152,720000,2117 W WINDSOR AVE,85009,Closed,GREENWAY TERRACE 2,1954,3,2,1722
153,805000,835 E HEARN RD,85022,Closed,None,1988,3,2.75,2500
154,600000,7315 E Taylor ST,85257,Closed,New Papago Pkwy,1961,3,2,1148
155,625000,7826 S 37TH WAY,85042,Closed,BLOSSOM HILLS,2018,4,3,2257
156,394000,426 N 14TH ST,85006,Closed,STEWART TRACT,1946,2,2,1221
157,789000,2408 E COCHISE RD,85028,Closed,GREENRIDGE 4,1972,4,2,2066
158,437300,4939 W LYNNE LN,85339,Closed,RANCHO VERDE ESTATES,2005,4,2,1527
159,364200,2006 N 77TH GLN,85035,Closed,VINSANTO,2008,3,2.5,1399
160,377000,8223 W CAMPBELL AVE,85033,Closed,WILLOWS WEST,1974,3,2,1680
161,520000,7313 S 12TH DR,85041,Closed,BASELINE MOUNTAIN RANCH,2017,4,3,2801
162,801000,8114 E PICCADILLY RD,85251,Closed,SCOTTSDALE ESTATES 5,1958,4,2,2049
163,385000,4129 W CARON ST,85051,Closed,NEWCASTLE VILLAGE 1,1968,3,1.75,1585
164,353000,4013 W WAGON WHEEL DR,85051,Closed,LORI HEIGHTS AMD,1968,3,1.75,1420
165,470000,5011 N 77TH DR,85303,Closed,MEADOWS 2,1972,4,3,2183
166,420000,3631 W ROYAL PALM RD,85051,Closed,NORTHERN VILLAGE UNIT 4,1969,3,2,1500
167,400000,4841 W Townley AVE,85302,Closed,NEW WORLD GLENDALE UNIT 1 AMD,1973,4,2,1689
168,452000,3837 W COLUMBINE DR,85029,Closed,SWEETWATER SUBDIVISION UNIT 3,1971,5,2,1632
169,350000,7527 W INDIANOLA AVE,85033,Closed,MARYVALE TERRACE 28 LOTS 11349-11374 & TR B,1961,5,2,1882
170,410000,1446 E EDGEMONT AVE,85006,Closed,LAUREL HEIGHTS,1936,2,1,768
171,750000,4617 E EMILE ZOLA AVE,85032,Closed,ROADRUNNER ESTATES EAST 3,1978,4,2,2049
172,935000,6521 N 3RD ST,85012,Closed,NORTH CENTRAL GROVES 3,1954,3,2,2572
173,320000,3648 W MORELAND ST,85009,Closed,WEST PHOENIX NO 4,1930,3,1,829
174,549000,225 E Pierce ST,85281,Closed,PAPAGO PARKWAY,1959,3,2,1851
175,850000,1108 E NORTHVIEW AVE,85020,Closed,NORTHWOOD HOMES 2,1954,3,1.75,1575
176,305000,2750 W Turney AVE,85017,Closed,Mission Manor,1964,3,2,1572
177,770000,1513 E Oregon AVE,85014,Closed,Sarko Sub,1958,3,2,1998
178,590000,2915 N EVERGREEN ST,85014,Closed,COUNTRY CLUB TERRACE LOT 52-59,1954,3,2,1486
179,362000,634 N 48TH ST,85008,Closed,DELANO ESTATES LOTS 157-169,1956,5,1.75,1715
180,900000,3519 E CHOLLA ST,85028,Closed,DESERT PARADISE,1970,4,2,2496
181,745000,4440 E NISBET RD,85032,Closed,COVEY UNIT,1987,3,2,2206
182,540000,4306 N 10TH ST,85014,Closed,DEVONSHIRE MANOR,1950,3,2,1524
183,680000,6843 E BELLEVIEW ST,85257,Closed,PAPAGO PARKWAY 4,1959,3,2.5,1888
184,720000,4237 N 35TH PL,85018,Closed,PALMS PARKWAY 2,1953,4,2,1643
185,396000,2917 W MARLETTE AVE,85017,Closed,WEST PLAZA 7,1958,3,3.75,2159
186,1200000,12219 N 59TH ST,85254,Closed,AVANT 1,1974,3,2.5,2574
187,625000,725 W AIRE LIBRE AVE,85023,Closed,MOONLIGHT COVE 4,1995,4,2,2401
188,460000,3633 E HARVARD ST,85008,Closed,NORTH EAST VILLAGE 1,1954,3,2,1446
189,320000,7609 W HAZELWOOD ST,85033,Closed,MARLBOROUGH COUNTRY UNIT 10,1983,2,1,923
190,410000,10829 N 45TH AVE,85304,Closed,KNOELL NORTH 8,1972,3,2,1696
191,425000,2244 E Everett DR,85022,Closed,SUGARLOAF FOOTHILLS 2,1970,4,1.75,1641
192,420000,3424 W HIDALGO AVE,85041,Closed,PARK MEADOWS UNIT 1,2005,3,2,1600
193,840000,401 E OREGON AVE,85012,Closed,"CUESTA VISTA LOT 8-25, 45-52",1945,3,2.5,2313
194,470000,809 E MONTE CRISTO AVE,85022,Closed,SUGGS MOON MOUNTAIN ESTATES,1979,3,2,1329
195,406000,1308 E ALICE AVE,85020,Closed,NORTHERN-AIRE ESTATES 1,1961,3,2,1248
196,760000,8513 E Bonnie Rose AVE,85250,Closed,Park Scottsdale 1,1962,4,2,1808
197,410000,4715 W Poinsettia DR,85304,Closed,Continental North Unit Eight,1973,3,2,1698
198,758500,8744 N 6th DR,85021,Closed,MARTHA ANN ESTATES,1958,3,2,1611
199,862500,1644 E RANCHO DR,85016,Closed,MADISON VILLAGE,1962,3,2,1686
200,396900,2207 W MEADOW DR,85023,Closed,VILLAGE MEADOWS 6 LOTS 204-246,1960,3,2,1819
201,449000,3618 E SHERIDAN ST,85008,Closed,NORTH EAST VILLAGE 1,1954,3,2,1119
202,410000,7737 N 40TH DR,85051,Closed,NORTHERN PALMS UNIT 2,1970,4,2,2090
203,450000,2225 W WHITTON AVE,85015,Closed,WESTWOOD ESTATES PLAT 2,1950,3,2,1520
204,676000,2807 E Cortez ST,85028,Closed,Melrose Paradise Unit 4,1969,3,2,1660
205,440000,15832 N 24TH AVE,85023,Closed,PONDEROSA HOMES NORTH 4,1977,3,2,1440
206,580000,8223 E VIRGINIA AVE,85257,Closed,VILLAGE GROVE,1959,3,2,1712
207,1105000,242 W Royal Palm RD,85021,Closed,SUB OF SW4 SEC 32,1987,4,3,3457
208,363000,1548 W ATLANTA AVE,85041,Closed,"HOME OWNER'S ESTATES 50-63, 78-84",1951,3,2,1259
209,755000,5724 N 14TH ST,85014,Closed,MCADAMS MANOR,1952,3,2,1625
210,345000,3102 W SIERRA VISTA DR,85017,Closed,Coral Gables,1963,3,2,1392
211,425500,1813 W COOLIDGE ST,85015,Closed,WESTOWN AMENDED,1955,3,2,1477
212,556875,2812 N 43RD ST,85008,Closed,EDGEMONT ESTATES,1979,2,2,1544
213,448000,2229 W MEADOW DR,85023,Closed,VILLAGE MEADOWS 6 LOTS 204-246,1960,3,2,2371
214,450000,6808 N 13TH ST,85014,Closed,ORANGO PLACE,1949,3,1,1129
215,350000,3317 W SOLANO DR N,85017,Closed,"MARYVALE PARK 3 LOTS 661-831, TR C",1953,4,1,1521
216,395000,1757 E WIER AVE,85040,Closed,PARK SOUTH 6,1961,3,2,1681
217,580000,1812 E Amelia AVE,85016,Closed,RL Hicks Add,1950,3,2,1600
218,510000,6233 W WETHERSFIELD RD,85304,Closed,WESTERRA,1980,4,2,1992
219,305000,3808 W MEADOWBROOK AVE,85019,Closed,PARK WEST UNIT 3,1959,3,1.75,1298
220,425000,6402 N 45TH DR,85301,Closed,WEST PLAZA 16,1964,4,2.5,2654
221,401000,3020 W SAN JUAN AVE,85017,Closed,"MARYVALE PARK 2 AMD LOTS 243-415, & TR C",1952,4,2.5,1580
222,875000,5039 E CORRINE DR,85254,Closed,CACTUS GLEN 2,1978,4,2,2244
223,602000,2110 E SHARON DR,85022,Closed,CAVE CREEK UNIT 2,1993,4,2,1972
224,515000,5664 W LOMA LN,85302,Closed,PARADISE VISTAS 2,2005,4,2.5,2961
225,304000,3646 W MARICOPA ST,85009,Closed,WESTWARD HOMES 2,1965,4,2,1500
226,470000,1016 W CAMPBELL AVE,85013,Closed,"PARK VIEW HOMES PLAT 2 LOTS 53-87, 274-281",1951,3,2,1261
227,285000,6622 S MONTEZUMA ST,85041,Closed,SOUTHLAND UNIT 3,1949,4,2,1288
228,330000,6934 W GEORGIA AVE,85303,Closed,HALLCRAFT WEST SIDE ESTATES 2,1978,3,2,1513
229,752000,7501 E HOLLY ST,85257,Closed,SCOTTSDALE ESTATES 3 LOTS 222-339,1957,3,2,1498
230,300000,5222 W EDGEMONT AVE,85035,Closed,HOMESTEAD TERRACE 1,1978,2,1,1427
231,770000,7502 E LATHAM ST,85257,Closed,NEW PAPAGO PARKWAY 8,1959,3,2,1550
232,470000,15234 N 28TH PL,85032,Closed,SOMBRA DE MONTOYA,2000,3,2,1449
233,430000,4609 E ALMERIA RD,85008,Closed,RANCHO MIO,1953,3,2,1312
234,610000,6149 N 23RD AVE,85015,Closed,MELROSE VALLEY ESTATES 1,1958,6,2,2352
235,412500,6408 S 46TH PL,85042,Closed,WOODBRIAR UNIT 2,1972,4,2,1632
236,458000,3825 W BERYL AVE,85051,Closed,Melrose Gardens,1972,3,2,1724
237,453650,5019 W Glass LN,85339,Closed,Rogers Ranch,2005,5,3,2634
238,655000,3440 E LARKSPUR DR,85032,Closed,MELROSE PARK PARADISE,1974,3,2,1878
239,530000,1340 E INDIANOLA AVE,85014,Closed,Longview acres,1949,4,2,1726
240,555000,2501 E Blanche DR,85032,Closed,Paradise Plaza Sub 2,1965,3,2,1300
241,400000,536 W TURNEY AVE,85013,Closed,YAPLE PARK,1948,2,1,850
242,465000,13123 N 21ST AVE,85029,Closed,MOON VALLEY GARDENS LOTS 377-392 & TR A,1962,4,2,1915
243,699000,921 W CULVER ST,85007,Closed,STORY ADDITION PLAT B,1925,4,3,2030
244,410000,5807 S 13th AVE,85041,Closed,SUNLAND RANCH,2022,3,2,1100
245,441000,2124 W WOOD DR,85029,Closed,MOON VALLEY GARDENS,1965,4,2,1669
246,591000,1808 W VERDE LN,85015,Closed,TERRACE VIEW,1951,3,2,2107
247,520000,713 E HARWELL RD,85042,Closed,VILLAGES AT VERONA,2016,3,2,1734
248,440000,5337 W Sanna ST,85302,Closed,Olive West 4,1972,4,2,1880
249,430000,3222 W HEARN RD,85053,Closed,DEERVIEW UNIT 1,1966,4,2,2127
250,375000,6819 W BERKELEY RD,85035,Closed,MARYVALE TERRACE NO. 41,1977,3,1,1120
251,405000,5607 W ROANOKE AVE,85035,Closed,HOMESTEAD TERRACE UNIT 6,1970,3,2,1628
252,320000,2205 W CAMBRIDGE AVE,85009,Closed,HENSON TRACT,1954,3,1,950
253,578500,4736 E EDGEMONT AVE,85008,Closed,RANCHO VENTURA TR 29,1955,3,2,1713
254,302000,3231 W MONTECITO AVE,85017,Closed,LYNNHAVEN PLAT 4,1954,3,2,1118
255,436000,3119 W POLLACK ST,85041,Closed,LAVEEN VILLAGE AMD,2003,3,2.5,2040
256,320000,3920 W Rancho DR,85019,Closed,WEST PLAZA 18,1966,3,2,1828
257,599000,8310 E GRANADA RD,85257,Closed,"COX HEIGHTS 2 LOT 270-288, 297-381",1959,3,2,1380
258,788000,3043 E FLOWER ST,85016,Closed,CLAREMORE ESTATES,1958,3,3,1937
259,545000,1142 E FLYNN LN,85014,Closed,BEVERLY MANOR ESTATES,1951,3,2,1317
260,580000,3308 E CLARENDON AVE,85018,Closed,MARSHALL PARKWAY,1950,2,1,1292
261,455000,7413 S 45TH DR,85339,Closed,ROGERS RANCH UNIT 4,2005,3,2,1661
262,452000,9641 N 41ST DR,85051,Closed,NEWCASTLE VILLAGE 4,1971,3,2,1759
263,470000,1037 E Glenrosa AVE,85014,Closed,Devonshire Manor,1950,2,1.75,1084
264,675000,1021 W AIRE LIBRE AVE,85023,Closed,MOONLIGHT COVE 3,1995,4,2,1816
265,593000,3458 E ACOMA DR,85032,Closed,PARADISE VALLEY OASIS NO. 10,1978,3,2,1648
266,490000,7307 N 23RD DR,85021,Closed,WESTWOOD HEIGHTS 4,1964,3,2,1620
267,416000,6533 W MOUNTAIN VIEW RD,85302,Closed,BRAEMAR GLEN UNIT 1,1974,4,2,1630
268,451000,3821 W SHUMWAY FARM RD,85041,Closed,CAMERON CREEK,2004,4,2.5,2169
269,490960,2110 W AVALON DR,85015,Closed,WESTWOOD VILLAGE,1952,3,2,1871
270,650000,1120 W DAHLIA DR,85029,Closed,TAIT NORTH,1981,3,3,2456
271,300000,6831 W WINDSOR AVE,85035,Closed,MARYVALE TERRACE #58,1981,3,1,1095
272,401000,3819 W COLUMBINE DR,85029,Closed,SWEETWATER SUBDIVISION UNIT 3,1971,3,2,1436
273,392500,17220 N 15TH DR,85023,Closed,TURF VIEW MANOR UNIT 3,1970,3,2,1455
274,415000,7831 W MONTEBELLO AVE,85303,Closed,MONTEBELLO ESTATES,1998,3,2,1476
275,825000,1408 E MESCAL ST,85020,Closed,GHP DELTA BUILDERS REPLAT,2022,4,3,2525
276,681000,6950 E WILLETTA ST,85257,Closed,PAPAGO PARKWAY,1959,4,2,2026
277,680000,3727 E YALE ST,85008,Closed,NORTH EAST VILLAGE 1,1954,4,3,2065
278,660000,4110 E LEWIS AVE,85008,Closed,Rancho Ventura,1951,3,1,1588
279,775000,78 E VERNON AVE,85004,Closed,ASHLAND PLACE AMD,1915,2,2,1358
280,405000,4708 N 49TH DR,85031,Closed,MARYVALE TERRACE 2C LOTS 2116-2143,1955,5,3,2357
281,1120000,1308 E GEORGIA AVE,85014,Closed,"SHERWOOD VILLAGE LOTS 1-7, 29-61, 79-84, 111-115",1953,4,2.5,2367
282,360000,8612 N 34TH DR,85051,Closed,CINDERELLA MEADOWS,1960,3,2,1148
283,1100000,3337 N 63RD PL,85251,Closed,MELROSE MEADOWS LOTS 1-23,1958,4,2,1910
284,540000,3148 W Beck LN,85053,Closed,Estrella Northwest Unit 1,1979,4,2,2283
285,370000,1649 W SHARON AVE,85029,Closed,MOON VALLEY GARDENS 3,1970,3,2,1808
286,445000,5613 S 14TH WAY,85040,Closed,SOUTHERN CROSSING,2001,4,2,1892
287,680000,2330 E SHEA BLVD,85028,Closed,DESERT VISTA UNIT 5 AMD,1978,4,2,2058
288,1000000,926 W GLENEAGLES DR,85023,Closed,MOON VALLEY 2,1972,4,2.5,2328
289,232000,819 E IRONWOOD DR,85020,Closed,GEBBY PLACE,1964,2,1,880
290,435000,5017 N 61ST AVE,85301,Closed,MARYVALE TERRACE 18 LTS 5925-6052 3R B,1959,4,2.5,1833
291,356000,4545 N 67TH AVE 1153,85033,Closed,CONTINENTAL SPORTS VILLAGE A CONDOMINIUM-A,1989,3,2,1246
292,655000,2945 E Fairmount AVE,85016,Closed,International at Lafayette Square,2016,3,2.5,1724
293,489900,1027 E SELDON LN,85020,Closed,View,1966,4,2,1706
294,355000,2350 W LUPINE AVE,85029,Closed,VALLEY VISTA 3,1964,4,2,1601
295,355000,6902 W CORA LN,85033,Closed,RAINTREE GARDENS LOTS 1 THROUGH 100 & TRACT A TH,1988,2,1,840
296,300000,2745 W ELM ST,85017,Closed,NORTHWEST VILLAGE 3,1954,3,1,1373
297,720000,8444 E BONITA DR,85250,Closed,PARK SCOTTSDALE 2,1962,4,2,1905
298,360000,413 W SUNNYSLOPE LN,85021,Closed,UPSHAW DESERT GARDENS,1950,3,2,1007
299,406000,2214 N 78TH AVE,85035,Closed,VINSANTO,2013,4,3,1638
300,430000,4728 N 78TH AVE,85033,Closed,PONDEROSA HOMES WEST UNIT ONE,1973,4,2,1508
301,460150,1342 E HELENA DR,85022,Closed,CANDLE CREEK UNIT 2,1994,3,2.5,1852
302,508000,6731 S 37TH DR,85041,Closed,AMBER RIDGE HEIGHTS,2008,3,2,1734
303,976000,7308 E DIAMOND ST,85257,Closed,NEW PAPAGO PARKWAY 9,1960,4,2,1702
304,280000,3742 W TAMARISK AVE,85041,Closed,INDEPENDENCE PARK 2,1959,2,1,1242
305,475000,1526 W Saint Kateri DR,85041,Closed,ACACIA,2003,3,2,1804
306,685000,3043 E REDFIELD RD,85032,Closed,DREAMSTREET LOT 1-21,1999,4,3,2117
307,828000,4507 N 82ND ST,85251,Closed,SCOTTSDALE COUNTRY ACRES,1960,3,2,1566
308,281000,7401 N 61ST DR,85301,Closed,ALSOBROOK PLACE,1935,2,1,861
309,800000,4145 N 42ND PL,85018,Closed,ORANGE DELL,1950,2,1,888
310,505000,12808 N 27TH ST,85032,Closed,CLEARVIEW 6,1972,3,2,1909
311,447000,1956 W BUSONI PL,85023,Closed,NORTHGATE,2012,3,2.5,1655
312,640000,551 W 17TH PL,85281,Closed,UNIVERSITY HOMES 2,1955,5,2,1852
313,355000,6132 N 35 Th DR,85019,Closed,BUENA VISTA HOMES,1951,3,2,1350
314,333000,2826 N 55TH AVE,85035,Closed,HOMESTEAD TERRACE UNIT 4,1969,3,2,1260
315,480000,5044 W Sanna ST,85302,Closed,Mountain View Meadows 4,1979,4,2,1957
316,830000,2903 E GARY WAY,85042,Closed,HIGHLINE GROVES,2002,4,3,3504
317,445000,2813 W PIMA ST,85009,Closed,"THOMAS TRACT 1-8, 13, 14",2022,4,3,1950
318,615000,1401 E GRANADA RD,85006,Closed,MCDOWELL PARK,1947,3,2,1660
319,345000,6435 W LAWRENCE RD,85301,Closed,WESTDALE ESTATES UNIT 2,1978,4,2,1698
320,650000,611 S wilson ST,85281,Closed,LOEDING LOFTS,2021,2,2.5,2099
321,375000,13050 N 17TH AVE,85029,Closed,MOON VALLEY GARDENS 4,1971,3,2,1806
322,500000,4827 W SUNNYSIDE AVE,85304,Closed,CONTINENTAL NORTH UNIT 8,1973,4,2,1953
323,725000,533 W SAN JUAN AVE,85013,Closed,SAN MIGUEL,1948,3,2,1788
324,445000,7611 N 12TH PL,85020,Closed,TWELFTH STREET PARK,1958,3,2,1492
325,455000,4302 W ECHO LN,85302,Closed,SANDS OASIS 4,1971,4,3,3203
326,288000,4107 W FLOWER ST,85019,Closed,TERRY PARK,1961,4,2,1185
327,526000,14241 N 41ST DR,85053,Closed,GLENAIRE UNIT 1 AMD,1973,3,3,2125
328,419000,4937 W FRIER DR,85301,Closed,WEST PLAZA 26,1970,4,3.5,2403
329,330000,7618 W WELDON AVE,85033,Closed,MARYVALE TERRACE 28 LOT 1,1961,3,1,1247
330,580000,8303 S 22ND AVE,85041,Closed,SILVA MOUNTAIN UNIT 2,2007,3,2,2164
331,635000,8048 N 16TH DR,85021,Closed,ROYAL OAKS UNIT 2,1969,4,2,2063
332,500000,1221 N 41ST ST,85008,Closed,LINDON PARK 4,1958,4,2,1650
333,1000000,3750 E GARDEN DR,85028,Closed,BROADMOOR HILLS UNIT 2,1975,3,2,2176
334,787500,3230 E IAN DR,85042,Closed,VILLAS AT TOSCANA 2,2008,3,2.5,2858
335,360000,15852 N 19TH ST,85022,Closed,MOUNTAIN VISTA UNIT 4,1980,2,1,910
336,310000,6050 W HOLLYHOCK DR,85033,Closed,"MARYVALE TERRACE 24 9306-9390, TR A",1960,3,2.5,1020
337,615000,3144 E CHIPMAN RD,85040,Closed,WIER ESTATES LOTS 159-168,2017,7,4,2570
338,800000,2816 E Cholla ST,85028,Closed,MELROSE PARADISE 2 AMD,1964,3,2,2161
339,795000,202 W WOOD DR,85029,Closed,HERITAGE HIGHLANDS 2,1980,4,2,2581
340,700000,208 E WOOD DR,85022,Closed,SHADOW ROCK ESTATES VARIOUS LOTS AND TRACTS,1979,3,2.5,2738
341,360000,2635 W HEARN RD,85023,Closed,THUNDERBIRD VILLAS,1981,3,1.75,1162
342,315000,17428 N 20TH ST,85022,Closed,ALOMA VISTA,1960,2,2,1378
343,355000,7547 W TURNEY AVE,85033,Closed,NATIONAL EMBLEM WEST UNIT 3,1976,3,2,1168
344,430000,1306 E HUNTINGTON DR E,85040,Closed,VILLA MONTE VISTA,1997,3,2,1710
345,322500,4912 W AMELIA AVE,85031,Closed,MARYVALE TERRACE 5 AMD,1957,3,2,1109
346,515000,2415 W DAILEY ST,85023,Closed,THUNDERBIRD VALLEY UNIT 1,1979,4,2,1957
347,330000,7947 W Mackenzie DR,85033,Closed,Willows West Unit 6,1980,2,2,1152
348,373000,2041 S 72ND LN,85043,Closed,VALLE ELDORADO,2000,3,2,1182
349,236000,331 W Dobbins RD,85041,Closed,South Mountain Heights,1958,2,1,744
350,460000,3138 N 46th DR,85031,Closed,TRAILS END RANCHES LOT,1957,4,2,2011
351,351000,4610 N 75TH DR,85033,Closed,LEVITT HOMES WEST UNIT 1,1979,3,2,1270
352,900000,1325 W CULVER ST,85007,Closed,F Q STORY ADDITION PLAT D,1930,4,3,2246
353,565000,5303 W PERSHING AVE,85304,Closed,HICKORY SHADOWS UNIT 2,1983,4,3,2723
354,494000,13141 N 21ST DR,85029,Closed,MOON VALLEY GARDENS PLAT A,1962,4,2.5,2016
355,475000,4620 W SOLANO DR N,85301,Closed,BETHANY HEIGHTS 2,1972,4,2,1997
356,435000,4124 W DIANA AVE,85051,Closed,Manzanita Manor,1976,4,2,2056
357,865000,5129 E PINCHOT AVE,85018,Closed,SHERWOOD VISTA,1959,4,2.75,2062
358,660000,2514 N 68TH PL,85257,Closed,MELROSE VILLAGE,1959,3,1.75,1918
359,370000,6927 W VIRGINIA AVE,85035,Closed,SKYVIEW NORTH UNIT FIVE,1973,3,2,1850
360,470000,5333 W WETHERSFIELD DR,85304,Closed,ESTATES AT MARSHALL RANCH,1989,4,3,2297
361,460000,5157 W VISTA AVE,85301,Closed,MANISTEE RANCH PARCEL 3,1999,3,2,1681
362,450000,4122 N 36TH ST,85018,Closed,PALMS PARKWAY 2,1953,3,2,3765
363,350000,4425 N 67th DR,85033,Closed,MARYVALE TERRACE 26 AMD LOTS 10369-10434 & TR A,1961,3,2,1305
364,665000,1836 E ROMA AVE,85016,Closed,PETERS VIEW TRACT 2,1947,4,3,1676
365,500000,14050 N 37 PL,85032,Closed,Paradise Valley Oasis 3,1970,3,2,1672
366,315000,4813 N 35TH AVE,85017,Closed,NORTHWEST VILLAGE 6,1955,3,2,1767
367,879400,909 W VISTA AVE,85021,Closed,RANCHO GRANDE,1956,4,1.75,2197
368,450000,4819 W PURDUE AVE,85302,Closed,MOUNTAIN VIEW MEADOWS 2,1977,3,2,1647
369,715000,8120 N 5TH ST,85020,Closed,MELROSE GROVES UNIT 2,1957,3,2,2065
370,450000,3527 E Crocus DR,85032,Closed,Paradise Valley Oasys NO. 10,1979,3,2,1100
371,397000,3833 N 49TH AVE,85031,Closed,MARYVALE TERRACE 10,1956,4,2,1800
372,520000,601 W KINGS AVE,85023,Closed,TURTLE CREEK,1987,3,2,1553
373,380000,8511 W Highland AVE,85037,Closed,HOROZONS ON CAMELBACK,1995,4,2,1462
374,390000,5417 W Monte Vista RD,85035,Closed,WEDGEWOOD PARK #9,1973,4,2,1616
375,340000,6814 N 59TH AVE,85301,Closed,"ORCHARD ADD BLK 20-21-22, & 38-39-40 AMD",1940,3,2,1200
376,575000,6142 N 18TH AVE,85015,Closed,HOFFMANTOWN 2,1950,4,3,2089
377,453000,7783 N 56TH LN,85301,Closed,PALM TERRACE,2004,4,2,2102
378,810000,5840 E EDGEMONT AVE,85257,Closed,SHERWOOD ESTATES 2,1962,3,2,1996
379,185000,1610 S 6th AVE,85003,Closed,Montgomery AMD,1950,2,1,900
380,395000,3315 W SUNLAND AVE,85041,Closed,PARK MEADOWS UNIT 2,2006,3,2,1310
381,620000,3402 E Pinchot AVE,85018,Closed,West Citrus Acres,1950,3,3,1590
382,518000,6413 S 26TH LN,85041,Closed,ANDERSON FARMS,2004,4,2,2155
383,420000,3949 W Desert Hills DR,85029,Closed,Fairwood Unit Five,1975,4,2,2052
384,450000,3112 E Cypress ST,85008,Closed,Rhoades Park,1945,2,1,1102
385,370000,4345 E Darrel RD,85042,Closed,Ponderosa Village,1974,2,1,900
386,800000,2522 E PLEASANT LN,85042,Closed,ARBORS,2019,4,3.5,2782
387,725000,8343 E CAMELBACK RD,85251,Closed,SCOTTSDALE ESTATES 9 LOTS 1184-1350,1959,3,2,1815
388,795000,3318 E ONYX AVE E,85028,Closed,PARADISE GARDENS,1973,4,2.75,2535
389,720000,13226 N 11TH AVE,85029,Closed,MOONRIDGE ESTATES,1971,4,2.5,2318
390,870500,6704 N 15TH ST,85014,Closed,SQUAW PEAK HTS 2,1950,3,3,2324
391,415000,5419 N 64th AVE,85301,Closed,MARYVALE TERRACE 20 LOTS 6944-6948,1960,4,2.5,1900
392,509500,6109 W WILLOW AVE,85304,Closed,ROYAL ESTATES WEST 6 LOTS 347 THROUGH 410,1984,4,1.75,2111
393,379000,3124 W HAYWARD AVE,85051,Closed,SANDS WEST UNIT 3,1964,4,2,2043
394,360000,15039 N 28TH DR,85053,Closed,"GREENWAY VILLAGE LOTS 1-23, 123-129, 164-177",1971,2,2,1024
395,895000,4015 E GLENROSA AVE,85018,Closed,SUNCREST GARDENS,1954,3,2,1984
396,575000,3832 E CARSON RD,85042,Closed,PINES AT THE RAVEN,2001,3,2,2270
397,625000,2801 E VOLTAIRE AVE,85032,Closed,VIEW PARADISE,1979,3,2,1527
398,410000,5009 W EVANS DR,85306,Closed,COVE AT THUNDERBIRD,1985,3,2,1340
399,855000,1614 W WILSHIRE DR,85007,Closed,DEL NORTE PLACE PLAT B,1939,3,2,1788
400,339000,6337 W DESERT COVE AVE,85304,Closed,WESTBURY MANOR,1983,2,2,1216
401,855000,3804 N 68TH ST,85251,Closed,SOUTHWEST VILLAGE LOTS 91-116,1955,3,2,1129
402,370000,1830 W ATLANTA AVE,85041,Closed,"HOME OWNER'S ESTATES 50-63, 78-84",1951,3,2,1104
403,320000,6428 W FLYNN LN,85301,Closed,WESTDALE ESTATES UNIT 1,1971,3,2,1318
404,435000,3950 E JOAN DE ARC AVE,85032,Closed,PARADISE VALLEY OASIS 5,1971,3,2,1320
405,496000,2345 W WHITTON AVE,85015,Closed,SIESTA TERRACE 1,1953,4,2,1516
406,385000,1726 N 77th GLN,85035,Closed,Visanto,2007,4,4,1768
407,300000,2733 W ELM ST,85017,Closed,NORTHWEST VILLAGE 3,1953,3,2,1512
408,450000,4425 W BLOOMFIELD RD,85304,Closed,ROADRUNNER ESTATES,1977,4,2,1722
409,719623,1543 E CHEERY LYNN RD,85014,Closed,CHEERY LYNN,1930,4,2,1600
410,420000,11616 N 58TH AVE,85304,Closed,WARRANTEED WEST,1978,3,2,1152
411,460000,3009 W MESCAL ST,85029,Closed,Sunset North 4,1971,4,2,1786
412,415000,422 W FELLARS DR,85023,Closed,TURTLE CREEK,1984,2,2,1251
413,360000,5624 S 9TH PL,85040,Closed,SOUTHERN HOMES,1956,4,2,1360
414,375000,2024 W SOLANO DR,85015,Closed,BETHANY VILLA 4,1957,3,1.75,1260
415,370000,6748 W LEWIS AVE,85035,Closed,SKYVIEW NORTH UNIT FIVE,1974,4,2,1404
416,365000,4717 N 40TH AVE,85019,Closed,GREEN ACRES,1960,3,2,1494
417,385000,8139 W CATALINA DR,85033,Closed,MARYVALE TERRACE 30 TR A,1964,4,2,1441
418,359000,3212 W JEFFERSON ST,85009,Closed,PROSPERITY PARK,1980,4,2,1480
419,460000,3653 W MESCAL ST W,85029,Closed,MELROSE GARDENS N W UNIT 1,1967,4,3,1899
420,315000,3827 W FILLMORE ST,85009,Closed,"REYNOLDS PARK 4 TO 7, A, B, C",1954,2,1,1138
421,430000,3630 W EVANS DR,85053,Closed,DEERVIEW UNIT 8,1971,3,2,1908
422,830000,3006 E MEADOWBROOK AVE,85016,Closed,CAMPBELL MANOR 2,1959,3,2,1583
423,600000,6805 N 12TH ST,85014,Closed,SQUAW PEAK HTS 3,1952,3,2,1478
424,487000,3842 E WHITNEY LN,85032,Closed,BRITANY PLACE 1 LOT 1-106,1984,3,2,1206
425,515000,3921 E CARTER DR,85042,Closed,PINES AT THE RAVEN,1999,3,2,1766
426,535000,1028 W 19TH ST,85281,Closed,PARKSIDE MANOR 3,1959,4,1.75,1610
427,575000,3134 W MARCONI AVE,85053,Closed,RANCHO ENCANTO UNIT 5,1979,3,2,1980
428,385000,10016 N 36TH AVE,85051,Closed,CAVALIER FREEWAY NORTH UNIT 2,1971,3,2,2256
429,540000,3527 E SUNNYSIDE DR,85028,Closed,CACTUS PARK UNIT 2,1971,3,2,1497
430,360000,9243 S LAS LOMITAS PL,85042,Closed,THUNDERBIRD COUNTRY CLUB PLAZA 2,1999,2,2.5,1320
431,598000,6007 N 9TH ST,85014,Closed,BETHANY ESTATES,1950,3,2,1550
432,370000,3016 E Monte Vista RD,85008,Closed,RHOADES PARK,1948,3,1,1041
433,380000,2649 N 49TH DR,85035,Closed,WEDGEWOOD PARK,1962,3,2,1490
434,425000,6308 W Onyx AVE,85302,Closed,CHAPARRAL RANCH 2,1985,3,2,1473
435,925000,725 W PALM LN,85007,Closed,PALMCROFT ENCANTO,1937,3,1.75,2315
436,400000,5322 W PALM LN,85035,Closed,WEDGEWOOD PARK 9,1973,4,2.5,1858
437,428000,2516 W ALTA VISTA RD,85041,Closed,ANDERSON FARMS,2004,3,2,1552
438,410000,9433 N 16TH ST,85020,Closed,OCOTILLO HILLS 2,1972,3,2,1380
439,360000,2315 W Echo LN,85021,Closed,Freeway Park 2,1959,3,1.75,1362
440,475000,3015 E DAHLIA DR E,85032,Closed,PARADISE VALLEY WEST NO. 4,1972,4,2,1737
441,270000,2327 E BETTY ELYSE LN,85022,Closed,NORTHTOWN UNIT 3A,1971,2,1.75,1024
442,349000,17442 N 13TH AVE,85023,Closed,DEER VALLEY ESTATES UNIT 1A,1973,3,2,1227
443,405000,4057 W KEIM DR,85019,Closed,WEST PLAZA 2,1957,4,2,1503
444,790000,9233 N 33RD WAY,85028,Closed,SIERRA BONITA UNIT 4,1976,3,2,1798
445,380000,6734 N 32ND DR,85017,Closed,CAVALIER GLEN,1952,4,2,1212
446,400000,7108 W WELDON AVE,85033,Closed,COLLEGE PARK 21,1980,4,2,1334
447,386000,1701 W CLARENDON AVE,85015,Closed,CARLETON ESTATES,1944,2,1,860
448,568000,2452 W REDFIELD RD,85023,Closed,THUNDERBIRD VALLEY UNIT 1,1979,4,2,2054
449,380000,2814 W Solano DR N,85017,Closed,Cavalier Parkway,1950,4,2,1460
450,357000,2208 W Laurel LN,85029,Closed,Valley Vista 2,1964,4,1.75,1292
451,510000,1930 W JOAN DE ARC AVE,85029,Closed,MOON VALLEY GARDENS LOTS 377-392 & TR A,1962,4,2,1865
452,500000,4436 E Acoma DR,85032,Closed,The Covey Unit 7 MCR 252-1,1983,3,1.75,1312
453,800000,6632 E Latham ST,85257,Closed,PAPAGO PARKWAY 2,1959,4,2,2429
454,530000,13830 N 11TH PL,85022,Closed,none,2008,3,2,1532
455,540000,5431 W COCHISE DR,85302,Closed,OAKDALE,1986,5,3.5,2980
456,608500,2447 E FREMONT RD,85042,Closed,FAIRWAYS AT THE LEGACY UNIT 1 REPLAT,2000,3,2,2354
457,970000,6001 E E Joan De Arc AVE,85254,Closed,Shea North Estates No 3,1971,3,2,1934
458,815000,1425 E DOBBINS RD,85042,Closed,MOUNTAIN TERRACE,2018,4,2,2754
459,845000,10620 N 37TH PL,85028,Closed,Broadmoor Hills,1972,4,2,2028
460,507000,7767 W STELLA AVE,85303,Closed,COBBLEFIELD,2000,4,3,2663
461,450000,7131 W MONTEREY WAY,85033,Closed,PECAN PARK 2,2004,3,2.5,2114
462,470000,1729 W FAIRMOUNT AVE,85015,Closed,LONG ESTATES,1951,3,2,1198
463,520000,7814 S 23RD ST,85042,Closed,MOUNTAIN TRAILS WEST,2018,3,2,1902
464,650000,935 E SAN JUAN AVE,85014,Closed,TOWNHOUSE TERRACE 1,1950,4,3,1893
465,481086,4732 N 14TH AVE,85013,Closed,COX ESTATES,1956,4,2.5,2190
466,425000,4345 E GROVE ST,85040,Closed,WOODBRIAR 6,1974,3,2,1290
467,390000,3024 E KINGS AVE,85032,Closed,KAY ACRES UNIT 5,2004,3,2,1323
468,398000,912 W MONTE WAY,85041,Closed,ESTES PARK 1 AMD,1957,3,2,1400
469,425000,5612 W GOLDEN LN,85302,Closed,PACE WEST,1972,3,2,1218
470,522000,817 W STATE AVE,85021,Closed,MARYVALE MANOR,1952,2,2,1277
471,355000,2632 N 49TH AVE,85035,Closed,WEDGEWOOD PARK,1962,4,2,1325
472,405000,6414 N 45TH AVE,85301,Closed,WEST PLAZA 16,1964,4,2,1904
473,405000,8402 N 42ND DR,85051,Closed,STARDUST SKIES UNIT 7,1968,5,3,2299
474,345000,2326 E Nancy LN,85042,Closed,DEL MONTE PLAZA,1958,3,2,1188
475,400000,4732 W ST CHARLES AVE,85339,Closed,ROGERS RANCH UNIT 1,2006,3,2,1478
476,355000,2842 W ROMA AVE,85017,Closed,MISSION MANOR 4,1952,4,1.75,1898
477,650000,2819 N 8TH AVE,85007,Closed,ENCANTO MANOR,1948,4,2,2382
478,375000,3309 W Cholla ST,85029,Closed,Knoell North Unit 4,1979,3,2,1590
479,440000,3248 N 84TH AVE,85037,Closed,SOLACE SUBDIVISION,2019,4,2,1555
480,985000,332 W EDGEMONT AVE,85003,Closed,LOU MAR VISTA,1949,3,2,2046
481,380000,1022 E Chambers ST,85040,Closed,SAGECREST,2004,3,2.5,1385
482,330000,3817 W LA SALLE ST,85041,Closed,INDEPENDENCE PARK 10,1997,3,2,1079
483,520000,2239 W OSBORN RD,85015,Closed,WESTWOOD VILLAGE PLAT 2,1955,3,3,1977
484,775000,2940 E CHOLLA ST,85028,Closed,MELROSE PARADISE 2 AMD,1965,4,2.5,2486
485,656000,229 W Pine Valley DR,85023,Closed,Mini Moon Estates,1973,3,2,2168
486,380000,4237 W CULVER ST,85009,Closed,WINONA PARK 1,1959,5,2,1526
487,350000,4909 W CROCUS DR,85306,Closed,COVE AT THUNDERBIRD,1984,3,2,1481
488,425000,2208 W VERDE LN,85015,Closed,WESTWOOD VILLAGE,1953,3,2,1726
489,390000,7271 W CAMELBACK RD,85033,Closed,MARYVALE TERRACE NO. 34,1969,3,2,1244
490,242500,4334 E GROVE ST E,85040,Closed,WOODBRIAR 6,1974,3,2,1040
491,530000,7702 E THOMAS RD,85251,Closed,CAVALIER VISTA 1,1956,3,2,1128
492,420000,2030 W PALO VERDE DR,85015,Closed,BETHANY VILLA 5,1958,4,3,2026
493,385000,6119 W WINDSOR AVE W,85035,Closed,MARYVALE TERRACE NO 55,1978,3,2,1824
494,400000,1617 N 64TH AVE,85035,Closed,MARYVALE TERRACE NO. 44 AMD,1971,4,2,1531
495,375000,4224 W BURGESS LN,85041,Closed,LAS CASAS GRANDES,1972,4,2,1597
496,416000,3532 W GLASS LN,85041,Closed,CROSSINGS AT AMBER RIDGE,2004,4,2,1580
497,585500,534 E PAPAGO DR,85281,Closed,PAPAGO MANOR SUBDIVISION,1961,3,2,1621
498,702000,1142 W VERMONT AVE,85013,Closed,CHRIS GILGIANS CAMELBACK VILLAGE UNIT 2,1956,3,2,1532
499,370000,3926 W sahuaro DR,85029,Closed,MARLBOROUGH COUNTRY METRO UNIT 1 LOT 1-134,1978,3,2,1570
500,553000,5014 N 79TH LN,85303,Closed,EL PRADO,2021,4,2.5,2940
501,360000,1801 N 63RD DR,85035,Closed,MARYVALE TERRACE NO. 44 AMD,1972,3,2,1770
502,420000,1545 W WOOD DR,85029,Closed,MOON VALLEY GARDENS 5,1971,5,2,1675
503,695000,10602 N 37TH PL,85028,Closed,BROADMOOR HILLS UNIT 6 LOT 218-249,1972,3,2,2018
504,780000,1001 E GRISWOLD RD 24,85020,Closed,POINT LOMA,1993,4,2.5,2517
505,510000,5230 W Redfield RD,85306,Closed,Deerview,1972,5,3,2143
506,750000,20 W BERYL AVE,85021,Closed,MOUNT CENTRAL PLACE LT 1-81 TR A-L N & M C PARK,1986,3,2,1923
507,434000,4121 W Sweetwater AVE,85029,Closed,TAMARRON 1,1977,3,2,1800
508,1100000,8211 E DEVONSHIRE AVE,85251,Closed,SCOTTSDALE ESTATES 9 LOTS 1184-1350,1959,3,3,2117
509,445000,2415 W FREEWAY LN,85021,Closed,"FREEWAY PARK LOT 158-193, 201-236",1958,3,2,1362
510,601000,6810 S 15TH ST,85042,Closed,SOUTH RANCH 2ND AMD,2000,5,2,2504
511,435350,5194 W PARADISE DR,85304,Closed,LA PALOMA,2003,4,2.5,1756
512,595000,14012 N 10TH PL,85022,Closed,ARROYO VISTA,1997,3,2,1736
513,401000,3316 N 38TH DR,85019,Closed,DEL MONTE VILLAGE 6,1958,4,2,1387
514,810000,1903 E OCOTILLO RD,85016,Closed,SILVA TERRACE,1996,3,2,1928
515,515000,3340 W WILLOW AVE,85029,Closed,SURREY HEIGHTS 5,1971,3,2,1584
516,665000,228 E EL CAMINO DR,85020,Closed,NORTH CENTRAL VILLAGE LOTS 10-21,1956,3,1.75,1830
517,460000,11843 N 60TH AVE,85304,Closed,COPPERWOOD UNIT 1 AMD,1979,3,2,1995
518,695000,14802 N 52ND ST,85254,Closed,LIBERTY SQUARE,1979,3,2,1921
519,674000,712 W THUNDERBIRD RD,85023,Closed,"MOON VALLEY LOTS 1-128, 146-339, TR A-E",1979,3,3,2325
520,345000,3224 W COLLEGE DR,85017,Closed,NORTHWEST VILLAGE 5,1955,3,2.75,2008
521,333000,3602 W SAN JUAN AVE,85019,Closed,COUNTRY LIFE HOMES UNIT 1,1955,3,2,1040
522,991500,1346 E VOLTAIRE AVE,85022,Closed,MOONRIDGE ESTATES PTE MTNSIDE GOLF COMM UNIT 2,1995,5,3.5,4321
523,465000,3533 W PHELPS RD,85053,Closed,GOLDEN PALMS NORTH UNIT 1,1983,3,1.75,1881
524,300000,4756 E SAINT ANNE AVE,85042,Closed,ROOSEN GARDENS UNIT 1,1974,3,1,1456
525,970000,7153 N Via De Amigos --,85258,Closed,VILLA DEL SOL REPLAT,1980,3,3,2285
526,467500,3413 N 67TH LN,85033,Closed,RAINTREE GARDENS UNIT 5,1986,4,2,2091
527,391000,3813 N 32ND WAY,85018,Closed,MARSHALL PARKWAY,1950,2,1.5,1241
528,420000,14612 N CARIBE CT,85053,Closed,COUNTRY GABLES LOT 1-31 TR A & B,1961,3,2,1677
529,370000,4502 W ALTADENA AVE,85304,Closed,CONTINENTAL NORTH UNIT 6,1972,4,2,1365
530,710000,5211 E Winchcomb DR,85254,Closed,Norma Estates,1979,3,2,1839
531,426000,1601 E DARREL RD,85042,Closed,SOUTH MOUNTAIN VISTA UNIT 1 LOT 1-114,2014,3,2,1440
532,449000,14021 N 33RD DR,85053,Closed,DEERVIEW UNIT 3,1968,4,2,1981
533,425000,3829 W CHOLLA ST,85029,Closed,MELROSE GARDENS NW UNIT 4,1970,3,2,1778
534,325000,2130 W PIERSON ST,85015,Closed,WESTWOOD,1988,2,1,900
535,532500,1743 E CINNABAR AVE,85020,Closed,OCOTILLO HILLS 5,1959,3,1.75,1262
536,429000,225 W SIESTA WAY,85041,Closed,MOUNTAIN PARK,1985,3,2,1567
537,1065000,1109 W LAS PALMARITAS DR,85021,Closed,BUTLER PARK ESTATES LOT 1-27 TR A,1992,4,2.5,2789
538,328000,3607 W LAMAR RD,85019,Closed,WEST PLAZA 9 LOT 1249-1410,1959,3,2,1416
539,750000,39 E WOODWARD DR,85004,Closed,WOODWARD PLACE,1935,2,1,1344
540,922500,4642 N 31ST ST,85016,Closed,SHARONDALE PLAT 2,1955,2,2.5,2040
541,385000,6020 N 61ST DR,85301,Closed,MARYVALE TERRACE 21 LTS 7803-7913 & TR A,1960,4,2,1665
542,535000,3109 E LARKSPUR DR,85032,Closed,PARADISE VALLEY WEST 2 AMENDED,1971,4,2,1416
543,815000,1613 E MONTEBELLO AVE,85016,Closed,None,1961,5,4.75,3678
544,600000,1142 E Ocotillo RD,85014,Closed,Beverly Manor Estates,1951,3,2,2073
545,380000,3447 N 51ST AVE,85031,Closed,MARYVALE TERRACE 6,1957,3,1.75,1431
546,375000,4901 W SIERRA VISTA DR,85301,Closed,BRAE VIEW,1960,3,2,1197
547,363000,4849 S 5TH AVE,85041,Closed,TIERRA VISTA,2014,3,2.5,1293
548,315000,3948 W MARICOPA ST,85009,Closed,HOMEDALE 13 TO 18,1946,4,2,1085
549,387000,2211 N 50TH AVE,85035,Closed,WEDGEWOOD PARK 2,1962,5,3,1878
550,480000,7634 S 41 PL,85042,Closed,HANCOCK PARK,1985,3,2,1984
551,405000,2926 N 52ND DR,85031,Closed,MARYVALE TERRACE 19 LTS 6441-6445 & TR A,1959,3,2,1320
552,430000,1801 E SAINT ANNE AVE,85042,Closed,AMBERFIELD UNIT 1,1984,3,2,1814
553,609000,13637 N 35TH ST,85032,Closed,PARADISE VALLEY OASIS NO 2-A EAST,1970,4,2,1770
554,825000,2809 N 81st WAY,85257,Closed,VILLAGE GROVE 12,1960,4,2,1850
555,749000,2214 W SAMANTHA WAY,85041,Closed,SILVA MOUNTAIN UNIT 3 PARCEL 9,2020,4,3,2496
556,493000,7645 N 18TH AVE,85021,Closed,BRISTOL COURT,1966,4,2,1349
557,426500,1014 W ANGELA DR,85023,Closed,DEER VALLEY ESTATES UNIT 2,1976,3,2,1010
558,915000,2520 N 69TH PL,85257,Closed,MELROSE VILLAGE,1959,4,2,2385
559,436000,916 E RUTH AVE,85020,Closed,SKYLINE VISTA 5,1957,3,2,1332
560,390000,8807 N 39TH DR,85051,Closed,NEWCASTLE HOMES 4,1962,4,2,1627
561,455000,3502 E CORONADO RD,85008,Closed,SIESTA PARK,1958,3,1.75,1385
562,450000,1059 E INDIANOLA AVE,85014,Closed,WEST IDLEWILDE,1943,3,1,1094
563,700000,7324 N 14TH ST,85020,Closed,PALO VERDE MANOR,1944,3,2,1246
564,355000,5041 S 37TH DR,85041,Closed,"INDEPENDENCE PARK 6 LOTS 140-156, 158-182",1960,3,2,1152
565,745000,6637 E OAK ST,85257,Closed,VILLAGE GROVE 5,1958,3,2,1886
566,510000,3809 N 9TH ST,85014,Closed,STACY TRACT,1940,2,2,1001
567,850000,8209 E CAMBRIDGE AVE,85257,Closed,VILLAGE GROVE 7,1959,3,2,2274
568,469900,5643 W MOUNTAIN VIEW RD,85302,Closed,BRAEMAR ESTATES 2,1972,3,2,1413
569,950000,6806 N 7TH ST,85014,Closed,FLYN GROVES,2006,4,3,2459
570,480000,1826 N 24TH WAY,85008,Closed,unk,1982,4,3,1634
571,315000,2611 W LUKE AVE,85017,Closed,BERKELEY SQUARE,1948,5,1,1701
572,367500,3224 W MERCER LN,85029,Closed,Patio Hermosa,1972,3,2,1543
573,570000,4015 E CROCUS DR,85032,Closed,PARADISE VALLEY OASIS NO 8,1975,3,2,1280
574,410000,6629 W CHERYL DR,85302,Closed,CHAPARRAL RANCH PATIO HOMES,1986,3,2,1365
575,240000,3205 W TAYLOR ST,85009,Closed,TERRA DEL SOL,1948,3,1,1203
576,830000,4328 E CHEERY LYNN RD,85018,Closed,LEROY VISTA,1952,3,3,2684
577,500000,23 W 9TH ST,85281,Closed,"GAGE ADD 22, 27",1950,3,1,1113
578,605000,1001 E GRISWOLD RD 16,85020,Closed,POINT LOMA LOT 1-38 TR A-C,1990,3,2.5,2093
579,590000,10011 N 57TH DR,85302,Closed,MARBRISA RANCH,1994,4,2,2051
580,420000,1910 E ALMERIA RD,85006,Closed,McDowell Manors Annex,1951,3,2,1550
581,720000,525 W WILLOW AVE,85029,Closed,HERITAGE HIGHLANDS,1978,4,2,2594
582,485000,13214 N 42ND ST,85032,Closed,PARADISE VALLEY OASIS NO. 9,1976,4,2,1152
583,700000,7707 E 3RD ST E,85251,Closed,PEACEFUL VALLEY,1957,3,2,1728
584,327500,3337 W THOMAS RD,85017,Closed,AMERICAN HOMES,1955,3,1.75,1012
585,340000,8511 W INDIANOLA AVE,85037,Closed,ARIZONA HOMES NO. 2,1972,5,2,1630
586,380000,4031 W EL CAMINO DR,85051,Closed,STARDUST SKIES UNIT 5,1965,3,2,1480
587,899900,1320 E Sierra Vista DR,85014,Closed,5 North,2022,3,2.5,2708
588,385000,2529 E WOOD ST,85040,Closed,NORTH BROADWAY ESTATES 1 LOTS 141-159,2006,3,2,1290
589,415000,6445 W SELLS DR,85033,Closed,MARYVALE TERRACE 27 LOTS 10983-10985,1961,4,2,1816
590,400000,8618 N 51ST DR,85302,Closed,WINDSOR SQUARE ESTATES,1985,3,2,1283
591,360000,6752 N 65TH AVE,85301,Closed,WESTDALE ESTATES UNIT 1,1971,3,2,1503
592,403500,6425 W College DR,85033,Closed,PARKSIDE,1973,4,2,2100
593,460000,5581 N 78TH DR,85303,Closed,MONTEBELLO ESTATES,2000,4,2,1866
594,355240,3925 W MISSION LN,85051,Closed,NEWCASTLE VILLAGE UNIT 4,1970,3,2,1545
595,575000,3233 W PLEASANT LN,85041,Closed,Southern Views,2005,5,3.5,3770
596,412000,3325 W BELMONT AVE,85051,Closed,SANDS WEST 1,1960,3,2,1632
597,400000,7515 W ELM ST,85033,Closed,PONDEROSA HOMES WEST UNIT TWO,1978,3,2,1765
598,535000,6915 S 25TH DR,85041,Closed,AUGUST SUN COUNTRY ESTATES,2004,4,3,2557
599,465000,2140 W WELDON AVE,85015,Closed,WESTWOOD ESTATES,1950,3,1.75,1120
600,785000,1146 W CULVER ST,85007,Closed,F Q STORY ADDITION PLAT D,1931,3,2,1412
601,715000,3436 E Fairmount AVE,85018,Closed,Tierra Villa #1,1972,3,2,1951
602,402500,3126 W CITRUS WAY,85017,Closed,WEST PLAZA 6 LOT 614-787,1958,4,2,1674
603,495000,2016 E KAREN DR,85022,Closed,LOOKOUT MOUNTAIN VIEWS 1,1978,3,2,1825
604,410000,4049 N 81ST AVE,85033,Closed,MARYVALE TERRACE 29 LOTS 1-211,1961,4,2,1554
605,480000,15233 N 23RD DR,85023,Closed,CANYON CREEK DEER VALLEY UNIT 1,1974,3,2,1859
606,445000,13417 N 16TH AVE,85029,Closed,MOON VALLEY GARDENS 3,1970,3,1.75,1536
607,340000,7234 N 33RD AVE,85051,Closed,"NORTHVIEW ACRES 2 31-50, 71-90, 122-156",1974,3,2,1686
608,405000,2418 W TURNEY AVE,85015,Closed,FRUITLAND ACRES,2022,3,2,1425
609,355500,4835 N 34TH DR,85017,Closed,NORTHWEST VILLAGE 6,1955,3,2,1713
610,315000,2434 W HADLEY ST,85009,Closed,I-ON-A-HOME TRACT,1948,3,2,950
611,215000,2132 W GARDENIA DR,85021,Closed,NEW CASTLE HOMES 2A,1958,3,2,1226
612,372800,3409 W MANDALAY LN,85053,Closed,PATIO HOMES NORTH,1970,3,1.75,1128
613,575000,16236 N 10TH AVE,85023,Closed,MOONLIGHT COVE 3,1994,3,2,2095
614,500000,13652 N 21ST AVE,85029,Closed,MOON VALLEY GARDENS PLAT B,1970,3,2,1942
615,870000,8375 W LUKE AVE,85305,Closed,MISSOURI RANCH,2003,6,5,4058
616,402000,5117 S 11TH ST,85040,Closed,ROMLEY ESTATES,2018,3,2,1124
617,682000,2041 E YALE ST,85006,Closed,"AVALON ANNEX BLKS 9, 10",2018,4,3,2126
618,335000,4301 N 47TH DR,85031,Closed,MARYVALE TERRACE 2A LOTS 296-477,1954,3,2,1379
619,660000,1413 E WINDSOR AVE,85006,Closed,FUTERER PLACE,1973,3,2,1734
620,415000,11915 N 67TH DR,85345,Closed,AUTUMN POINT BY SHEA HOMES LOT 1-90 TR A,1992,3,2,1554
621,569500,1041 W 18th ST,85281,Closed,PARKSIDE MANOR 3,1959,4,2,1808
622,340000,901 W Paseo WAY,85041,Closed,ESTES PARK 1 AMD,1959,3,1,1196
623,420000,11418 N 57TH DR,85304,Closed,WARRANTEED WEST,1978,3,2,1534
624,615000,11617 N 37TH PL,85028,Closed,CAVALIER ESTATES 6,1970,3,2,1818
625,775000,2048 N 39TH ST,85008,Closed,PAPAGO VISTA AMD,1952,6,3,2602
626,533000,2919 W GLASS LN,85041,Closed,LAVEEN VILLAGE AMD,2004,4,3.5,3763
627,385706,3324 W Citrus WAY,85017,Closed,CONTINENTAL MEADOWS MARK 1,1961,4,2,1814
628,342500,4850 W WINDSOR AVE,85035,Closed,WEDGEWOOD PARK,1963,3,2,1126
629,449900,3243 E NISBET RD,85032,Closed,"PARADISE VALLEY MANOR LOTS 1-15, 36-91",1962,4,2,1372
630,359000,13830 N 34TH AVE,85053,Closed,DEERVIEW UNIT 3,1969,4,2,1818
631,360000,6739 N 32ND AVE,85017,Closed,CAVALIER GLEN,1954,3,2,1476
632,418500,2217 W DANBURY RD,85023,Closed,NATIONAL EMBLEM PARK,1972,4,2,1593
633,369000,4525 N 35TH DR,85019,Closed,PARK WEST 1,1958,4,2,1648
634,410000,6338 W SELLS DR,85033,Closed,MARYVALE TERRACE 27 LOTS 10983-10985,1961,4,2,1913
635,405000,10809 N 72ND DR,85345,Closed,OAKRIDGE TRAILS AMENDED,1981,3,2,1249
636,385000,4016 N 47TH LN,85031,Closed,MARYVALE TERRACE 10F,1956,4,2,1353
637,300000,3930 W LAS PALMARITAS DR,85051,Closed,STARDUST SKIES UNIT 5,1966,2,1.75,1102
638,350000,7309 W DEVONSHIRE AVE,85033,Closed,ELLEN TERRACE,1971,3,1.5,956
639,445000,3559 W HEARN RD,85053,Closed,DEERVIEW UNIT 7,1971,4,2,2014
640,370000,3601 W RANCHO DR,85019,Closed,LISTEL VISTA,1955,3,2,1138
641,402950,8430 S 9 th ST,85042,Closed,Crestlea,1999,3,2,1296
642,265000,5901 W ELM ST,85033,Closed,MARYVALE TERRACE NO. 25 AMD REPLAT A,1971,3,2,1317
643,295000,5909 W ELM ST,85033,Closed,MARYVALE TERRACE NO. 25 AMD REPLAT A,1971,4,2,2038
644,505000,2219 E JANICE WAY,85022,Closed,GREENWAY ESTATES NO. 2,1970,3,2,1442
645,415545,2545 N DAYTON ST,85006,Closed,FOWLER TRACT LOTS 1-96,1935,3,1,902
646,318000,9227 N 13TH ST,85020,Closed,HILLIER HTS,1954,3,1,1112
647,374000,8514 W HIGHLAND AVE,85037,Closed,HORIZONS ON CAMELBACK UNIT 2,1995,3,2,1098
648,402000,2223 W SURREY AVE,85029,Closed,MOON VALLEY GARDENS LOTS 377-392 & TR A,1966,3,2,1472
649,442600,2201 W CARTER RD,85041,Closed,MOUNTAIN VISTA,2003,4,2,1743
650,360000,2221 E BEVERLY LN,85022,Closed,PARADISE ESTATES,1960,3,2,1567
651,375000,3305 N 84TH DR,85037,Closed,BOLERO COURT,1999,4,2,1518
652,375000,5326 W PURDUE AVE,85302,Closed,PASEO PLACE REAMENDED,1979,3,1.75,1513
653,540000,7308 E MAVERICK RD,85258,Closed,SANTO TOMAS SCOTTSDALE 3,1979,3,2,2080
654,1000000,521 W CAMBRIDGE AVE,85003,Closed,LOMA VISTA,1942,4,3,1742
655,325000,3026 W VILLA ST,85009,Closed,WILLOW SQUARE,1952,4,1.75,1488
656,320000,15622 N 21ST ST,85022,Closed,NORTHTOWN UNIT 3-B,1974,2,1.75,1216
657,640000,7520 E PAPAGO DR,85257,Closed,"NEW PAPAGO PARKWAY 11 LOTS 588-607, 614-628&TR C",1960,4,3,2021
658,625000,4428 E JOAN DE ARC AVE,85032,Closed,ROADRUNNER ESTATES EAST UNIT 4,1978,3,2,1917
659,680000,3866 E CLARENDON AVE,85018,Closed,SUNCREST MANOR LOT 33-45,1954,4,2,1396
660,550000,4735 N 24TH ST,85016,Closed,CAVALIER CAMPUS,1954,3,1.75,1596
661,550000,4729 N 24TH ST,85016,Closed,CAVALIER CAMPUS 2,1954,3,1.75,1531
662,275000,1515 W YAVAPAI ST W,85007,Closed,CHEERFUL HOMES,1941,4,2,1344
663,318000,26 W RIVERSIDE ST,85041,Closed,"CENTRAL GARDENS 14-53, 80-94",1948,4,3.5,1316
664,370000,5931 W MONTE VISTA RD,85035,Closed,MARYVALE TERRACE NO. 46 LOT 1183-1319 & TRACT A,1973,4,2,1344
665,385000,3107 W SAN MIGUEL AVE,85017,Closed,MARYVALE PARK 4 LOTS 1004-1106 TRS A & B,1954,4,2,1414
666,860000,3421 E SHANGRI LA RD,85028,Closed,DESERT PARADISE,1992,3,2.5,2500
667,500000,2219 E MONTEROSA ST,85016,Closed,MANANA VISTA DOS,1948,3,1,1260
668,315000,6205 S 11th ST,85042,Closed,MONTE VISTA GARDENS 1-35,1943,3,2,1455
669,350000,2420 N 70TH DR,85035,Closed,SKYVIEW NORTH UNIT FIVE,1973,3,2,1152
670,550000,4721 N 24TH ST,85016,Closed,CAVALIER CAMPUS 2,1954,3,1.75,1170
671,375000,2802 N 48TH LN,85035,Closed,WEDGEWOOD PARK,1962,5,2,1579
672,755000,4977 E ACOMA DR,85254,Closed,GREENBRIER EAST UNIT 4,1978,3,2,1817
673,535000,14023 N 13 ST,85022,Closed,FAIRWAY AT THE POINTE,1994,3,2,1759
674,795000,319 E FILLMORE ST,85281,Closed,PAPAGO MANOR SUBDIVISION,1961,4,3,1585
675,525000,715 E AIRE LIBRE AVE,85022,Closed,GREENTRAILS,1983,3,2,1743
676,371500,2717 W MCKINLEY ST,85009,Closed,NORTH WILLOW,1946,3,2,1662
677,430000,3206 W SUNNYSIDE AVE,85029,Closed,CAVALIER FREEWAY NORTH,1968,4,1.75,1875
678,305000,1432 E CULVER ST,85006,Closed,KENWOOD TRACTS A & B,1936,3,1,1176
679,440000,5814 S 54TH LN,85339,Closed,RIVER WALK VILLAGES PHASE 1,2004,3,2,1564
680,325000,3236 W ACAPULCO LN,85053,Closed,PATIO HOMES NORTH 2,1972,3,1,1160
681,414000,7213 W HILTON AVE,85043,Closed,VALLE ELDORADO,2000,3,2,1392
682,380000,832 S 31ST AVE,85009,Closed,BEG AT PT ON E LI SE4 SW4 774' N OF SE COR W 133' N 100' E 133' S 100' TO BEG EX E 33F & EX S 50F,2006,3,2,1448
683,458000,7135 W Solano DR S,85303,Closed,BETHANY RANCH,2019,3,2,1895
684,698000,6931 E ALMERIA RD,85257,Closed,REDLANDS,1958,3,2,1691
685,480000,14001 N 35TH DR,85053,Closed,DEERVIEW UNIT 7,1971,3,2,1850
686,530000,10034 N 50TH AVE,85302,Closed,GREENBRIER UNIT 4,1976,4,1.75,1904
687,544000,17421 N 6TH ST,85022,Closed,DESERT BELL ESTATES,1979,3,2,2613
688,495000,1001 W 19TH ST,85281,Closed,PARKSIDE MANOR 2,1959,3,2,1530
689,935000,221 W SWEETWATER AVE,85029,Closed,HERITAGE HIGHLANDS 2,1980,4,2,2581
690,370000,6510 W ORANGE DR,85301,Closed,MARYVALE TERRACE 20 LOTS 6944-6948,1960,4,3,2751
691,525000,414 E BETH DR,85042,Closed,SUMMIT AT SOUTH MOUNTAIN,2004,4,2.5,2887
692,505000,110 W KINGS AVE,85023,Closed,MOONLIGHT COVE UNIT 5,1995,3,2,1720
693,295000,1336 N 38 DR,85009,Closed,Franmar Manor,1960,3,2,1663
694,550000,2424 W REDFIELD RD,85023,Closed,THUNDERBIRD VALLEY UNIT 1,1979,4,3,2344
695,421000,2018 W Myrtle AVE,85021,Closed,Westwood Heights Unit 2,1960,3,1.75,1363
696,525000,906 W Danbury DR,85023,Closed,DEER VALLEY ESTATES,1978,4,3,2080
697,610000,2131 E PHELPS RD,85022,Closed,PARADISE 21 NORTH,2016,3,2,1581
698,420000,2252 W PECAN RD,85041,Closed,PARK PHOENIX 3,1973,5,2,1897
699,340000,4270 W TOWNLEY AVE,85051,Closed,NEWCASTLE HOMES UNIT 6,1966,3,2,1622
700,473000,7347 W KEIM DR,85303,Closed,BETHANY HERMOSA PARK UNIT 2,1978,4,2,2126
701,400000,7948 W HEATHERBRAE DR,85033,Closed,WILLOWS WEST UNIT 6,1980,4,2,1556
702,375000,6512 W MCDOWELL RD,85035,Closed,MARYVALE TERRACE 39,1971,4,2,1412
703,435000,2526 W WETHERSFIELD RD,85029,Closed,COX MEADOWS 3 LOT 228-293 & TR B,1962,4,2,1526
704,415000,7629 W COLLEGE DR,85033,Closed,PONDEROSA HOMES WEST UNIT ONE,1975,4,2,1508
705,435000,6225 S 15TH DR,85041,Closed,SOUTHGATE,2003,4,3,2349
706,472000,2643 E HARTFORD AVE,85032,Closed,BELCANTO,2003,4,2,1610
707,640000,7933 E CULVER ST,85257,Closed,MCDOWELL PARKWAY,1958,3,2,1362
708,525000,4125 E CAPTAIN DREYFUS AVE,85032,Closed,PARADISE VALLEY OASIS NO. 9,1976,3,3,1796
709,438000,3128 W DAILEY ST,85053,Closed,COX MEADOWS 4,1964,3,2,1755
710,825000,1149 E GRANDVIEW RD,85022,Closed,MOON VALLEY CANYON,1990,5,3,3122
711,960000,1327 E LE MARCHE AVE,85022,Closed,MOON VALLEY CANYON LOT 1-119 TR A-I,1987,4,4,3695
712,427000,4637 W NORTHVIEW AVE,85301,Closed,PALM LANE VILLAGE,1974,3,2,1622
713,475000,3030 W Burgess LN,85041,Closed,Laveen Village III,2014,3,3,2357
714,345000,4437 S 8TH PL S,85040,Closed,BROADWAY PARK,1946,3,1,1167
715,480000,731 W SIESTA WAY,85041,Closed,DOBBINS CROSSING PHASE 1,2001,4,2.5,2885
716,765000,2343 E CHOLLA ST,85028,Closed,DESERT VISTA 6,1979,3,2,1926
717,320000,3302 W ASTER DR,85029,Closed,"WESTOWN 5 LOT 925-928, 943, 957-975 TR A & B",1960,3,1.75,1092
718,410000,6260 N 70TH LN,85303,Closed,Cortina,2001,3,2,1505
719,874000,1321 E MARCONI AVE,85022,Closed,MOON VALLEY CANYON LOT 1-119 TR A-I,1989,4,2.5,2479
720,377000,1826 N 73RD AVE,85035,Closed,MARYVALE TERRACE 47,1974,4,2,1344
721,510000,6601 S 18TH DR,85041,Closed,Vineyard Park,2002,5,3,2323
722,645000,2221 E MARMORA ST,85022,Closed,CACTUS GARDENS LOT 26-86,1962,3,2.5,2220
723,705000,3628 E WELDON AVE,85018,Closed,"SUNCREST ESTATES 2 LOT 90-140, 70-77",1953,3,2,1852
724,345000,3726 W ROVEY AVE,85019,Closed,WEST PLAZA 10 LOT 1522-1701,1959,3,2,1290
725,370000,5644 W WILSHIRE DR,85035,Closed,HOMESTEAD TERRACE UNIT 6,1970,3,2,1792
726,925000,7807 S 31ST TER,85042,Closed,32ND STREET AND BASELINE,2007,4,3,2858
727,412000,4559 W DAILEY ST,85306,Closed,K-LAND ESTATES,1998,3,2,1779
728,335000,2014 N 51ST DR,85035,Closed,WEDGEWOOD PARK 9,1972,3,2,1783
729,415000,3933 W BARNES LN,85051,Closed,NEWCASTLE VILLAGE UNIT 5,1971,3,2,1390
730,380000,10216 N 65TH LN,85302,Closed,CHAPARRAL RANCH PATIO HOMES,1985,3,2,1190
731,431000,6010 W SHANGRI LA RD,85304,Closed,OAKHOLLOW LOTS 1-209 & TR A,1987,3,2,1353
732,440000,5055 N 71ST DR,85303,Closed,WEST CAMELBACK VILLAGE 3,1978,6,3,2169
733,455000,3151 W Fremont RD,85041,Closed,Laveen Village,2003,4,2.5,2039
734,360000,1701 E BURGESS LN,85042,Closed,SOUTHERN MANOR UNIT 1,1954,3,2,1420
735,630000,1514 W MITCHELL DR W,85015,Closed,WESTWOOD TERRACE AMD,1952,3,2,1719
736,403000,4008 E SAINT CATHERINE AVE,85042,Closed,UNIVERSITY MEADOWS UNIT 1,1972,4,3,1621
737,275000,4246 N 30TH DR,85017,Closed,MISSION MANOR RESUB 35-58,1951,3,1.5,1327
738,435000,4221 W MONTEBELLO AVE,85019,Closed,WEST PLAZA 24,1969,4,2,1680
739,493000,405 E BETH DR,85042,Closed,SUMMIT AT SOUTH MOUNTAIN,2004,4,2,2165
740,495000,2329 W MELODY DR,85041,Closed,SILVA MOUNTAIN UNIT 1,2010,4,3.5,2306
741,210000,1615 W Yuma ST,85007,Closed,None,1946,1,1,582
742,419000,1939 E ENCINAS LN,85040,Closed,SELLERS PLACE,2020,4,2,2035
743,630000,1403 W LUKE AVE,85013,Closed,HANDELL VILLA,1950,3,2,1302
744,425000,17229 N 8TH AVE,85023,Closed,DEER VALLEY ESTATES UNIT 3 LOTS 1 THROUGH 201,1977,3,2,1370
745,405000,5237 W SUNNYSIDE DR,85304,Closed,PARKVIEW WEST UNIT 2,1978,3,2,1023
746,380100,5843 W HEATHERBRAE DR,85031,Closed,MARYVALE TERRACE 13A LOTS 2645-2758 & TR A,1957,3,2,1871
747,490000,7419 S 45TH AVE,85339,Closed,ROGERS RANCH UNIT 4,2005,4,2,2282
748,452000,9425 N 63RD DR,85302,Closed,BRAEMAR GLEN,1979,4,2,1541
749,340000,6628 N 28TH DR,85017,Closed,"OCOTILLO PARK LOTS 1-4, 48-74",1961,3,1.75,1261
750,460000,4650 W SUNNYSIDE AVE,85304,Closed,CONTINENTAL NORTH UNIT 7,1971,3,2,1819
751,355000,2639 N 63RD AVE,85035,Closed,MARYVALE TERRACE NO 55,1978,4,1,1148
752,369000,2361 W WALTANN LN,85023,Closed,PONDEROSA HOMES NORTH UNIT 2,1974,3,2,1170
753,462000,7258 W STATE AVE,85303,Closed,PARADISE VIEWS,2003,4,2.5,2458
754,358000,3730 W CACTUS WREN DR,85051,Closed,COX PARK UNIT 2,1960,3,2,1252
755,458000,6502 S 4TH ST,85042,Closed,ALTA VISTA,2019,4,2,1800
756,350000,2212 N 52ND DR,85035,Closed,WEDGEWOOD PARK 9,1972,4,3,1495
757,586900,15056 N 22ND ST,85022,Closed,CLEARVIEW 8,1985,4,2,1755
758,495000,13840 N 34TH ST,85032,Closed,PARADISE VALLEY OASIS NO. 2-A WEST,1969,4,3,1374
759,345500,2620 N 72ND DR,85035,Closed,SKYVIEW NORTH UNIT 4,1973,3,2,1221
760,450000,1042 W 12TH PL,85281,Closed,PARKWAY MANOR UNIT 4,1963,3,2,1130
761,305000,1617 W COLTER ST 9,85015,Closed,TRELLIS AT COLTER,2020,2,2.5,1254
762,445000,6143 W Navajo DR,85302,Closed,Executive Palms,1999,3,2,1532
763,425000,4101 W SAN MIGUEL AVE,85019,Closed,WEST PLAZA 21,1968,3,2,1610
764,750000,74 W CULVER ST,85003,Closed,BLOUNT ADDITION,1936,3,2.75,1878
765,450000,7439 W Reade AVE,85303,Closed,WINN ESTATES MCR 205/30 LOT 17 EX S 15F,1998,3,2,1609
766,460000,5607 W WINNWOOD AVE,85304,Closed,WINNWOOD ESTATES UNIT 1,1982,3,2,1831
767,400000,15819 N 4TH DR,85023,Closed,TAMARAC AT MOON VALLEY,1986,2,2,1324
768,320000,6929 W PALM LN,85035,Closed,MARYVALE TERRACE NO. 41,1977,2,1,840
769,432000,516 E SAINT KATERI LN,85042,Closed,HERITAGE AT ALTA VISTA AMD,2004,3,2,1718
770,550000,10902 N 57TH AVE,85304,Closed,NORTH PLACE LOT 1-109 TR A-B,1989,4,3,2892
771,445000,4201 W BARBARA AVE,85051,Closed,MANZANITA MANOR,1976,4,2,2064
772,350000,5939 W CHEERY LYNN DR W,85033,Closed,"MARYVALE TERRACE 24 9306-9390, TR A",1960,3,2,1682
773,390000,5238 W ENCANTO BLVD,85035,Closed,HOMESTEAD TERRACE UNIT 3 VARIOUS LOTS REPLAT,1968,3,2,1546
774,425000,3233 E VIRGINIA AVE,85008,Closed,"LAWNDALE BLKS 1, 3",1952,3,2,1228
775,405000,5210 W LAS PALMARITAS DR,85302,Closed,NORTHERN PALMS 4,1978,3,2,1541
776,310000,4645 N 71ST AVE,85033,Closed,MARYVALE TERRACE 26 AMD LOTS 10369-10434 & TR A,1960,3,1.5,1215
777,620000,1202 W CAMPBELL AVE,85013,Closed,PARK VIEW HOMES PLAT 2 LOTS 88-273,1952,4,2.5,1641
778,477000,6804 S 45TH GLN,85339,Closed,ROGERS RANCH UNIT 3,2006,4,2.5,2464
779,450000,811 W PICCADILLY RD W,85013,Closed,NORTH PARK CENTRAL UNIT 3,1952,3,1,1185
780,475000,2501 E Amelia AVE,85016,Closed,Earl Heights,1947,2,1,1280
781,479000,938 W Portland ST,85007,Closed,STORY ADDITION PLAT A,1942,3,1,1330
782,407000,4411 W CAVALIER DR,85301,Closed,WEST PLAZA 14A LOT 205-213 & TR B,1962,4,2,1560
783,469300,5729 N 71ST DR,85303,Closed,BETHANY RANCH,2019,3,2,1895
784,525000,3004 N 22ND ST,85016,Closed,"OLIVE MANORS LOTS 28-50, 79-88",1952,3,2,1053
785,421600,1141 E DIANA AVE,85020,Closed,NEW NORTHTOWN,1958,3,2,1092
786,635000,325 W CAMPO BELLO DR,85023,Closed,BELLVUE,1996,3,2,2210
787,740000,2802 E CAMPBELL AVE,85016,Closed,ST THOMAS PARK LTS 13-18,1959,3,1.75,1648
788,550000,2943 E LAUREL LN,85028,Closed,IRONWOOD EAST 2,1976,3,2.5,1900
789,687000,21 W BERYL AVE,85021,Closed,MOUNT CENTRAL PLACE LT 1-81 TR A-L N & M C PARK,1986,3,2,1788
790,461000,4724 W SHANGRI LA RD,85304,Closed,VILLA CONTESSA,1974,3,2,1616
791,445000,3202 W BELMONT AVE,85051,Closed,SANDS WEST UNIT 3,1964,3,2,1702
792,465000,15032 N 25TH PL,85032,Closed,PARADISE PLAZA SUB 2,1966,3,2,1360
793,403000,5346 W JESSICA LN,85339,Closed,RIVER WALK VILLAGES PHASE 1,2003,3,2,1315
794,282000,4521 W CLARENDON AVE,85031,Closed,SIESTA VILLAGE 2,1955,4,2,1636
795,400000,3118 W MISSOURI AVE,85017,Closed,MARYVALE PARK 4 LOTS 1004-1106 TRS A & B,1954,4,2.5,1414
796,880000,11430 N 43RD ST,85028,Closed,VILLAGE FAIRWAYS,1984,4,2.5,2605
797,375000,5314 N 19TH DR,85015,Closed,MISSOURI PARKWAY,1952,3,1,1053
798,885000,3024 E ROMA AVE,85016,Closed,VALENCIA GARDENS,1952,3,2,1428
799,1125000,4540 N 34TH PL N,85018,Closed,PREMIERE HEIGHTS,1971,3,2,1860
800,360000,2126 E GRETTA PL,85022,Closed,NORTHTOWN UNIT 3-B,1973,2,2,1214
801,459500,17426 N 1st DR N,85023,Closed,Bellvue,1994,3,2,1312
802,380000,734 E FREMONT RD,85042,Closed,ANN LEE ESTATES,1961,3,2,1342
803,315000,2943 W HIGHLAND AVE,85017,Closed,NORTHWEST VILLAGE 2,1953,3,2,1424
804,320000,2942 W MISSOURI AVE,85017,Closed,"MARYVALE PARK 2 AMD LOTS 243-415, & TR C",1952,3,1.75,1257
805,350000,831 N 61ST DR,85043,Closed,CENTURA WEST 2,1982,3,1,1080
806,475000,6019 S 21ST DR,85041,Closed,VILLAGES AT SPENCER PLACE,2003,4,2,1684
807,428000,5821 S 53RD GLN,85339,Closed,RIVER WALK VILLAGES PHASE 1,2004,4,2,1564
808,400000,3641 W ALICE AVE,85051,Closed,SUNSET GARDENS,1960,4,3,2265
809,430000,7405 W EVA ST,85345,Closed,WESTFIELD GARDENS 3,1996,3,2.5,1918
810,350000,2818 W MINNEZONA AVE,85017,Closed,NORTHWEST VILLAGE 1,1954,4,2,1491
811,905000,4145 N 34TH PL,85018,Closed,PALMS PARKWAY 1,1953,4,2,1630
812,893000,7733 N 4TH AVE,85021,Closed,ORANGEWOOD LOTS 11-15 BLOCK 2,1965,5,3,2481
813,420000,3048 W ACOMA DR,85053,Closed,KNOELL ROYAL OAKS UNIT 6,1977,3,2,1652
814,317000,1428 E CARTER RD,85042,Closed,SOUTH POINT,1987,3,2,1144
815,365000,4631 W MARSHALL AVE,85301,Closed,BETHANY HEIGHTS 3,1973,3,2,1424
816,769000,8202 E ARLINGTON RD,85250,Closed,PARK SCOTTSDALE 12,1970,3,2,1839
817,420000,12820 N 24TH ST,85032,Closed,"CACTUS BLK 6, 7, 8",1951,4,2,1726
818,910000,4440 E CAMPBELL AVE,85018,Closed,CAVALIER PALMS 1-41,1954,3,2,1169
819,478000,3802 E Sweetwater AVE,85032,Closed,PARADISE VALLEY OASIS 5,1973,3,2,1240
820,453000,7231 S 17TH DR,85041,Closed,COURTYARDS AT MADISON RANCH,2017,3,2.5,2288
821,365000,7641 W Highland AVE,85033,Closed,Marlborough Country Unit 10,1979,2,2,1044
822,950000,317 E ELM ST,85012,Closed,ST FRANCIS MANORS,1952,4,3,2559
823,325000,2124 W PECAN RD,85041,Closed,PARK PHOENIX 2,1962,3,2,1218
824,760000,2940 E AVALON DR,85016,Closed,EASTWOOD PARK,1950,4,2.5,2185
825,385000,3443 W Mescal ST,85029,Closed,Knoell North,1973,3,2,1829
826,651000,337 E GARFIELD ST,85281,Closed,PAPAGO PARKWAY 5,1959,4,3,1663
827,540000,7712 S 25TH AVE,85041,Closed,SILVA MOUNTAIN UNIT 1,2007,5,3,2882
828,520000,1422 N MCALLISTER AVE,85281,Closed,CAVALIER HILLS 1,1960,3,2,1477
829,270000,4434 S 8TH ST,85040,Closed,BROADWAY PARK,1946,3,1,1074
830,332000,1930 E PARADISE LN,85022,Closed,SUNCREST VILLAS EAST 5 LOT 280-343 & TR A,1986,2,1,824
831,420000,6816 S 5TH AVE,85041,Closed,WHITMOR VILLA 3,1956,4,3,2048
832,375000,2026 N 77TH DR,85035,Closed,VINSANTO,2016,3,3.5,1661
833,451000,1323 W 10TH PL,85281,Closed,MARGO MANOR LOTS 71-115,1961,3,1.75,1274
834,450000,1633 W COLTER ST,85015,Closed,NILE TRACT BLOCK 2,1955,3,2,1465
835,429000,8718 N 57TH LN,85302,Closed,RANDOLPH RANCH,1999,3,2,1679
836,625000,1947 E MONTE VISTA RD,85006,Closed,ROSELAWN HEIGHTS LOTS 9-12,2017,4,2,2078
837,525000,2420 N PAPAGO DR,85281,Closed,PAPAGO PARKWAY 6,1958,3,2,1092
838,467000,4525 S 26TH DR,85041,Closed,GRAYSON SQUARE,2006,4,2,1849
839,602000,12808 N 38TH PL,85032,Closed,PLEASANT VALLEY ESTATES 2,1979,3,2,1646
840,650000,3843 N 34TH PL,85018,Closed,TIERRA VILLA NO 1,1971,3,2,1188
841,391000,5748 W VISTA AVE,85301,Closed,SANDS ESTATES,1955,3,2,1560
842,397000,8108 W HAZELWOOD ST,85033,Closed,MARYVALE TERRACE NO. 53-B,1980,4,2,1483
843,715000,231 W BEVERLY LN,85023,Closed,LOOKOUT MOUNTAIN,2018,3,2.5,2686
844,460000,3720 W STATE AVE,85051,Closed,Sungold 2,1960,3,2,1716
845,387500,6026 W COLUMBUS AVE,85033,Closed,PENDERGAST ESTATES 3,1972,3,2,1764
846,305000,3936 W CORONADO RD,85009,Closed,DEL MONTE VILLAGE 7,1958,3,1,1000
847,475000,12012 N 62ND DR,85304,Closed,COPPERWOOD UNIT 2,1979,3,2,1794
848,340000,4138 W MISSOURI AVE,85019,Closed,WEST PLAZA 21,1968,5,2,1818
849,556500,1716 W BASELINE RD,85041,Closed,N/A,1962,3,3,1880
850,800000,536 W WINDSOR AVE,85003,Closed,LOU MAR VISTA,1948,3,2,1814
851,391000,1428 E PORTLAND ST,85006,Closed,SASSE ADDITION,1942,2,1,812
852,460000,4923 E Granada RD,85008,Closed,Orangedale Manor,1956,3,2,1287
853,375000,701 N 40TH AVE,85009,Closed,M&B,1950,3,2,1408
854,315000,8117 N 31ST AVE,85051,Closed,ALTA VISTA 2,1953,3,1,1014
855,400000,3727 W MARLETTE AVE,85019,Closed,"WEST PLAZA 8 LOT 971-1004, 1051-1185",1959,4,3,2000
856,450000,3633 E YALE ST,85008,Closed,NORTH EAST VILLAGE 1,1954,3,2,1440
857,317000,606 W GRANDVIEW RD,85023,Closed,TURTLE CREEK,1988,2,2,1246
858,510000,2038 W MARCONI AVE,85023,Closed,NORTHGATE,2007,3,2.5,1753
859,380000,2015 E VISTA DR,85022,Closed,GLEN HEATHER UNIT 2,1979,3,2,1261
860,250000,14838 N 24TH DR 1,85023,Closed,CANYON CREEK DEER VALLEY UNIT 4 MOD TRACT S,1982,3,2,1342
861,435000,107 E LA MIRADA DR,85042,Closed,LA MIRADA,1954,4,1.75,1764
862,410000,3716 W SHANGRI LA RD,85029,Closed,MELROSE GARDENS NW UNIT 3,1969,3,2,1458
863,325000,2322 E NANCY LN,85042,Closed,DEL MONTE PLAZA,1958,4,2,1154
864,510000,5132 W GRENADINE RD,85339,Closed,RIVER WALK VILLAGES PHASE 2A,2005,5,3,2461
865,500000,2422 E DARREL RD,85042,Closed,FAIRWAYS AT THE LEGACY UNIT 2 REPLAT,2000,4,2.5,2259
866,385000,5609 W GLENROSA AVE,85031,Closed,MARYVALE TERRACE 15,1957,4,2,1692
867,270000,2317 N 47TH DR,85035,Closed,WEDGEWOOD PARK,1963,3,1.5,1334
868,625000,7731 N 17TH DR,85021,Closed,NORTHERN STAR,1954,3,2,1765
869,340000,6021 N 36TH DR,85019,Closed,BETHANY ROSE VILLA,1961,3,2,1411
870,340000,1419 E HATCHER RD,85020,Closed,Unknown,1949,3,2,1628
871,365000,5007 W SHERIDAN ST,85035,Closed,BRAEWOOD ESTATES NO. 4 AMD,1975,4,2,1298
872,740000,34 E BOCA RATON RD,85022,Closed,HILLCREST,1973,3,3,2965
873,680000,6702 N 16TH DR,85015,Closed,MARYLAND GARDENS 2 LOTS 82-152,1962,4,3,1712
874,653000,2222 N 37TH PL,85008,Closed,ALVARADO MANORS 1-16,1973,4,1.75,2166
875,1100000,13422 N 58TH PL,85254,Closed,THUNDERBIRD DESERT ESTATES,1978,5,3,2549
876,321000,6604 S 5TH AVE,85041,Closed,SOUTHLAND UNIT 3,1941,3,1.5,1385
877,425000,5194 W Shaw Butte DR,85304,Closed,LA PALOMA,2004,4,2.5,1756
878,375100,6605 W POLK ST,85043,Closed,NorthGlen,2005,4,2.5,1598
879,570000,3430 E VIRGINIA AVE,85008,Closed,TABER TRACT,1955,4,2,1361
880,305000,3037 W CORONADO RD,85009,Closed,PALOMAS PARK AMD BLK 5-8,1951,4,2,1196
881,523500,5250 W ROYAL PALM RD,85302,Closed,NORTHERN PALMS 4,1976,4,2,1833
882,300000,2204 E SANDRA TER,85022,Closed,PARADISE ESTATES,1971,3,1,1241
883,520000,3820 E WALTANN LN,85032,Closed,SILVERTREE 1,1984,3,2,1608
884,300000,3508 W HADLEY ST,85009,Closed,WESTWARD HOMES,1954,3,2,1500
885,420000,7531 N 60TH AVE,85301,Closed,ALSOBROOK PLACE 2,1950,3,2,1973
886,640000,212 W SEMINOLE DR,85023,Closed,MOON VALLEY ESTATES,1967,4,2,2065
887,571500,1538 W 6TH ST,85281,Closed,LINDON PARK 9,1960,4,3,2252
888,665000,2808 E AVALON DR,85016,Closed,MOUNTAIN VIEW PARK PLAT 2 BLKS 3-7,1949,3,2,1881
889,395000,5002 W EARLL DR,85031,Closed,"MARYVALE TERRACE 12 LTS 5002-5014, TR B",1958,4,3,1665
890,398000,3231 W YUCCA ST,85029,Closed,KNOELL NORTH UNIT 3,1969,3,1.75,1428
891,435000,1525 W HELENA DR,85023,Closed,TURF VIEW MANOR,1970,3,2,1729
892,862500,301 W CORONADO RD,85003,Closed,NORTH KENILWORTH,1956,3,2,1954
893,685000,10610 N 35TH ST,85028,Closed,PARADISE VALLEY PALMS UNIT 3,1973,3,2,1715
894,378000,3718 W WETHERSFIELD RD,85029,Closed,SWEETWATER SUBDIVISION UNIT 3,1971,3,2,1328
895,485000,6911 S 21ST LN,85041,Closed,MOUNTAIN VISTA,2004,4,2,2484
896,655000,2514 N 11TH ST,85006,Closed,FOWLER TRACT LOTS 1-96,2000,3,3,1891
897,636000,1542 E SAN JUAN AVE,85014,Closed,NIXON SQUARE,1952,3,2,1486
898,685000,119 E MCKINLEY ST,85281,Closed,PAPAGO PARKWAY 6,1960,4,2,1710
899,478000,2919 W REDFIELD RD,85053,Closed,KNOELL ROYAL OAKS UNIT 7 LOT 1061-1145,1977,3,2,1870
900,720000,4206 E EARLL DR,85018,Closed,LEROY VISTA,1951,3,1,1407
901,431500,3219 S EDWARD DR,85282,Closed,PETERSON PARK PLAT 3-B,1970,3,2,1176
902,701000,8253 E GLENROSA AVE,85251,Closed,SCOTTSDALE ESTATES 9 LOTS 1184-1350,1959,4,2,1654
903,374990,5819 S 13th AVE,85041,Closed,SUNLAND RANCH,2022,3,2,1125
904,352500,5756 W CORTEZ ST,85304,Closed,WARRANTEED WEST,1974,3,1.75,1040
905,745000,2243 W SOUTH MOUNTAIN AVE,85041,Closed,N/A,1975,3,2,2283
906,488000,2544 W COOLIDGE ST,85017,Closed,MEETS & BOUNDS,1954,6,4,2115
907,411000,3424 W SHUMWAY FARM RD,85041,Closed,SILVERSTONE ESTATES,2004,3,2,1842
908,440000,9229 N 74TH DR,85345,Closed,PARK VIEW WEST UNIT 3,1979,3,2,1543
909,470000,5348 W EVA ST,85302,Closed,OLIVE WEST 4,1972,4,2,1985
910,410000,9053 N 53RD AVE,85302,Closed,GOLDWATER GLEN,1974,4,2,2485
911,720000,4349 E EVANS DR,85032,Closed,COVEY,1983,3,2,1501
912,435000,5510 W CAROL AVE,85302,Closed,BRAEMAR ESTATES 2,1972,4,2,1463
913,382000,8244 W EARLL DR,85033,Closed,MARYVALE TERRACE 30 TR A,1968,3,2,1304
914,390000,5032 N 65TH AVE,85301,Closed,MARYVALE TERRACE 20 LOTS 6944-6948,1959,4,2,2433
915,560000,14433 N 37TH ST,85032,Closed,PARADISE VALLEY OASIS NO. 7,1974,3,2,1685
916,368000,5026 W CYPRESS ST,85035,Closed,WEDGEWOOD PARK UNIT 2,1964,4,2,1521
917,570111,525 W PALM LN,85003,Closed,NORTH KENILWORTH,1930,2,1,1046
918,461000,7119 S 25TH DR,85041,Closed,MESQUITE GROVES,2004,3,2,1632
919,445000,2108 W GEORGIA AVE,85015,Closed,CAMELBACK VISTA,2021,4,2.5,1655
920,389000,7608 W INDIANOLA AVE,85033,Closed,MARYVALE TERRACE 28 LOTS 11349-11374 & TR B,1961,4,2,1410
921,715000,541 E TAM OSHANTER DR,85022,Closed,HILLCREST 7,1977,3,2,2119
922,280000,3202 W HOLLY ST,85009,Closed,NORTHWEST HOMESITES BLK 13,1948,2,1,851
923,360000,3029 W MONTEBELLO AVE,85017,Closed,"MARYVALE PARK 2 AMD LOTS 243-415, & TR C",1952,3,1,1092
924,295000,14424 N 37TH PL,85032,Closed,PARADISE VALLEY OASIS NO 7,1974,3,2,1064
925,375000,1922 W HOLLY ST,85009,Closed,VILLA VERDE PLAT B,1930,2,1,1322
926,351000,5101 W CATALINA DR,85031,Closed,MARYVALE TERRACE 19 LTS 6441-6445 & TR A,1958,4,2,1733
927,700000,8031 W MONTEBELLO AVE,85303,Closed,Unknown,1990,3,2,2002
928,360000,3801 N 47Th DR,85031,Closed,Maryvale Terrace,1956,3,2,1116
929,450000,2340 E TURNEY AVE,85016,Closed,CAVALIER VILLA 1,1953,3,1,988
930,425000,2013 W TRACY LN,85023,Closed,TURF VILLAGE 2 AMD,1997,3,2,1561
931,293000,39 W RIVERSIDE ST,85041,Closed,"CENTRAL GARDENS 14-53, 80-94",1947,2,1,920
932,521500,6409 N 13TH AVE,85013,Closed,Palo Verde Greens,2000,3,2,1836
933,560000,407 E ANGELA DR,85022,Closed,DESERT BELL ESTATES 2,1980,3,2,1808
934,358000,3609 W BELMONT AVE,85051,Closed,HEALY'S DUTCHTOWN 3 LOTS 166-225 INCL,1961,3,2,1176
935,340000,3108 N 79TH AVE,85033,Closed,Laurelwood,1978,3,2,1343
936,835000,1436 E PEDRO RD,85042,Closed,Montana Vista 2,2017,3,2.5,2693
937,340000,8721 N 35TH DR,85051,Closed,WISHING WELL VILLAGE 2 LOTS 137-172,1961,3,2,1183
938,623000,3401 E LAZY LN,85028,Closed,SHER-RENEE HEIGHTS,1961,3,2,1820
939,400000,4147 W LOMA LN,85051,Closed,STARDUST SKIES 8,1968,4,1.75,2103
940,1100000,1436 E RANCHO DR,85014,Closed,MAYFAIR MANOR,1951,4,2,2028
941,850000,3929 E MERCER LN,85028,Closed,CAVALIER ESTATES AMENDED,1962,3,3,2085
942,530000,3852 E MARCONI AVE,85032,Closed,TATUM PARK WEST LOT 1-93 TR A-D,1987,3,2,1548
943,465000,7002 W CAMERON DR,85345,Closed,PIONEER VILLAGE UNIT 2,1983,3,2,1440
944,403000,6110 W SOLANO DR S,85301,Closed,MARYVALE TERRACE 20-A LTS 7490-7494,1959,4,2,1765
945,855000,316 W Montecito AVE,85013,Closed,TURNEY SQUARE,1950,3,2,1782
946,535000,5178 N 74TH LN,85303,Closed,CHAPARRAL COUNTRY 3 LOT 1-78 TR A,1994,4,2,1963
947,595000,6821 S 30TH DR,85041,Closed,LAVEEN VILLAGE AMD,2004,5,3.5,3763
948,375000,7809 W Palm LN,85035,Closed,VINSANTO,2015,3,3,1768
949,180000,2930 W LARKSPUR DR,85029,Closed,WESTOWN 3,1960,3,2,1481
950,415000,3410 E EVERETT DR,85032,Closed,PARADISE VALLEY OASIS NO 10,1977,3,2,1142
951,410000,1217 E INDIANOLA AVE,85014,Closed,LONGVIEW CIRCLE AMD,1952,2,1,1163
952,320000,2618 W SAN MIGUEL AVE,85017,Closed,BERKLEY SQUARE,1949,2,1,1020
953,950000,1002 W CLAREMONT ST,85013,Closed,VILLA NOVENA AMENDED,1981,4,2,2838
954,1075000,8242 E ROMA AVE,85251,Closed,SCOTTSDALE ESTATES 9 LOTS 1184-1350,1959,3,2,1534
955,400000,2919 W ACOMA DR,85053,Closed,KNOELL ROYAL OAKS UNIT 6,1976,3,2,1614
956,370000,2726 E BROADWAY RD,85040,Closed,NORTH BROADWAY ESTATES 1 LOTS 141-159,2006,3,2,1544
957,572000,3014 N 15TH AVE,85015,Closed,NORTH ENCANTO PARK,1942,3,2,1706
958,525000,3240 E OAK ST,85008,Closed,DALTON PARK 4,1952,5,3,1815
959,415000,1519 W HELENA DR,85023,Closed,TURF VIEW MANOR,1960,3,2,1500
960,335000,4316 W KEIM DR,85301,Closed,WEST PLAZA 15,1964,3,2,1549
961,1050000,8508 E HIGHLAND AVE,85251,Closed,SCOTTSDALE ESTATES 14 LOTS 1687-1844,1960,3,2,1800
962,490000,14241 N 37TH WAY,85032,Closed,PARADISE VALLEY OASIS NO. 7,1974,3,2,1440
963,335000,4509 N 27TH DR,85017,Closed,NORTHWEST VILLAGE 1,1952,3,2,1210
964,526000,755 W Coolidge ST,85013,Closed,INCOME ACRES,1946,3,2,1339
965,510500,7507 E POLK ST,85257,Closed,New Papago,1961,2,2,1137
966,425000,2102 W BERRIDGE LN,85015,Closed,MELROSE VALLEY ESTATES 1,1958,4,2,1796
967,395000,6213 N 36TH AVE,85019,Closed,"WEST PLAZA 8 LOT 971-1004, 1051-1185",1958,3,2,1282
968,290000,3731 E TAYLOR ST,85008,Closed,GATEWAY PARK,1940,2,1,651
969,459900,12802 N 50TH LN,85304,Closed,PARKWOOD SUBDIVISION UNIT NO. 11,1979,3,2,1645
970,1300000,5821 N 81ST ST,85250,Closed,PARK SCOTTSDALE 18,1972,4,3,1832
971,900000,4536 E BECK LN,85032,Closed,GREENBRIER EAST UNIT 14 LOT 1-68,1988,4,2,2211
972,450000,13025 N 36TH ST,85032,Closed,PARADISE VALLEY OASIS NO. 6 AMD LOTS 827 THRU 1252,1972,3,1.75,1420
973,850000,7128 N 15TH ST,85020,Closed,NORTHWOOD ESTATES,1967,4,2,2292
974,700000,2127 W ALLEN ST,85041,Closed,SILVA MOUNTAIN UNIT 3 PARCEL 9,2019,5,3.5,2867
975,310000,4721 W NICOLET AVE,85301,Closed,NICOLET PLACE,1950,2,1,896
976,415000,1832 W SAINT ANNE AVE,85041,Closed,VINEYARD PARK,2003,3,2,1347
977,495000,8312 S 23RD PL,85042,Closed,SAHUARO VISTA ESTATES,2004,4,2,1672
978,718000,2823 E TURQUOISE DR,85028,Closed,PARADISE VALLEY OASIS 1-A,1962,3,2,1608
979,371500,1831 N 68TH AVE,85035,Closed,MARYVALE TERRACE NO. 41,1977,4,2,1576
980,1200000,6025 E CHARTER OAK RD,85254,Closed,AVANT 1 UNIT 2,1972,4,3,2767
981,403700,8844 N 40TH AVE,85051,Closed,NEWCASTLE HOMES 4,1961,4,2,1480
982,490000,3017 W SAHUARO DR,85029,Closed,SUNSET NORTH UNIT,1971,4,2,2143
983,350000,7159 W WILSHIRE DR,85035,Closed,SKYVIEW NORTH UNIT 4,1972,3,2,1140
984,680000,1322 E COLTER ST,85014,Closed,SHERWOOD VILLAGE,1954,4,1.5,1539
985,390000,1439 E MOBILE LN,85040,Closed,RIDGEFIELD,2004,4,2.5,1600
986,358000,3416 W Turney AVE,85017,Closed,Lynnhaven,1954,3,1.75,1412
987,445000,11426 N 43RD DR,85304,Closed,CONTINENTAL NORTH,1971,3,1.75,1598
988,368000,6044 S 5TH AVE,85041,Closed,SOUTHLAND UNIT 2,1947,3,2,1334
989,457900,7008 N 11TH WAY,85020,Closed,PALM TERRACE 3,1952,3,2,1479
990,395000,3102 W WINDROSE DR,85029,Closed,"WESTOWN 4 LOT 373-502, TRS A & B",1960,3,2,1352
991,410000,7419 W HATCHER RD,85345,Closed,PARK VIEW WEST,1980,3,1.75,1420
992,420000,4738 W MERCER LN,85304,Closed,VILLA CONTESSA,1973,3,2,1616
993,435000,5514 W GARDEN DR,85304,Closed,MARLBOROUGH COUNTRY METRO UNIT 4,1983,3,2,1145
994,360000,3001 W SELDON LN,85051,Closed,ALTA VISTA 6,1954,3,2,1376
995,700000,2817 E CHERYL DR,85028,Closed,PARADISE VALLEY OASIS 1-A,1962,4,2,2206
996,450000,2384 W Le Marche AVE,85023,Closed,Ponderosa Homes North Unit Four,1978,3,2,1680
997,360000,5619 W GARDENIA AVE,85301,Closed,"CATLIN COURT BLK 13-15, 18-20",1930,3,2,1470
998,391000,6418 W SAGUARO DR,85304,Closed,MONTARA,1983,3,2,1231
999,405000,11 W MISSION LN,85021,Closed,NORTH CENTRAL HEIGHTS A BLKS 1-6,1947,3,2,1370
1000,386000,4438 W PARADISE DR,85304,Closed,HORIZONS WEST,1978,4,2,1879
1001,470000,13848 N 40TH AVE,85053,Closed,NEWCASTLE ESTATES,1975,3,2,1893
1002,830000,122 E TIERRA BUENA LN,85022,Closed,SANDAHL HOMES UNIT 2,1979,4,2,2476
1003,451000,5740 W CHOLLA ST,85304,Closed,WARRANTEED WEST,1978,4,2,1633
1004,575000,13002 N 23RD PL,85022,Closed,SHADOW MOUNTAIN UNIT 1,1983,3,2,1749
1005,412000,9402 S 1ST DR,85041,Closed,LA MIRADA DOS,1981,3,2,1321
1006,376000,3527 W HAZELWOOD ST,85019,Closed,PARK WEST 1,1954,4,2,1681
1007,480000,5147 W ECHO LN,85302,Closed,NORTHERN PALMS 4,1979,4,2,2239
1008,428000,3102 N 28TH ST,85016,Closed,PHOENIX HOMESTEADS TR 2,1949,3,1,898
1009,505000,2823 N 42ND WAY,85008,Closed,EDGEMONT ESTATES,1981,2,2,1362
1010,126000,1120 S 3RD AVE,85003,Closed,"MONTGOMERY ADD AMD BLKS 75, 83, 84, 91, 99-102",1921,1,1,660
1011,400000,3809 W FRIER DR,85051,Closed,HEALY'S DUTCHTOWN 4 LOTS 226-303,1967,4,2,1773
1012,460000,15802 N 23RD DR,85023,Closed,PONDEROSA HOMES NORTH UNIT 2,1973,4,2,1863
1013,810000,7025 E BELLEVIEW ST,85257,Closed,PAPAGO PARKWAY 3,1959,3,2,1600
1014,520000,7715 S 23RD LN,85041,Closed,SILVA MOUNTAIN UNIT 1,2014,4,3,2522
1015,395000,7116 N 31ST DR,85051,Closed,THE VILLAGE NORTH MCR 274,1985,3,2.5,2009
1016,260000,1617 W YUMA ST,85007,Closed,None,1946,2,1,754
1017,630000,2214 E CHANUTE PASS,85040,Closed,COPPER LEAF DEVELOPMENT UNIT 1,2005,4,3,3772
1018,545000,7917 S 24TH WAY,85042,Closed,MOUNTAIN TRAILS EAST,2017,4,2,1902
1019,494500,5403 W BOWKER ST,85339,Closed,RIVER WALK VILLAGES PHASE 2B,2006,3,2,2240
1020,400000,2638 S 63RD DR,85043,Closed,PARK AT TERRALEA,2002,3,2,1589
1021,420000,3807 W COLUMBINE DR,85029,Closed,SWEETWATER SUBDIVISION UNIT 3,1971,4,3,1632
1022,430500,3214 W Voltaire AVE,85029,Closed,SURREY HEIGHTS 1,1961,4,2,1715
1023,380000,4006 N 48TH AVE,85031,Closed,MARYVALE TERRACE 10D,1956,4,2,1706
1024,405000,1538 W WOOD DR,85029,Closed,MOON VALLEY GARDENS 5,1971,4,2,1280
1025,850000,8114 E MITCHELL DR,85251,Closed,SCOTTSDALE ESTATES 6 LOTS 598-759 TRACT A,1958,4,3,1926
1026,655000,8119 E INDIAN SCHOOL RD,85251,Closed,SCOTTSDALE ESTATES 5 LOTS 464-597,1957,4,2,1909
1027,625000,14441 N 36TH ST,85032,Closed,PARADISE VALLEY OASIS NO. 7,1974,3,2,1685
1028,655000,2034 N 8TH ST,85006,Closed,LOS OLIVOS HEIGHTS,1925,3,2,1325
1029,600000,3836 N 12TH AVE,85013,Closed,WOODLAWN PARK,1947,3,2,1455
1030,369200,5231 S MONTEZUMA ST,85041,Closed,TOWNSEND PARK ANNEX,1951,4,2,1472
1031,585000,601 E Boca Raton RD,85022,Closed,Hillcrest 5,1973,3,2,1962
1032,360000,3149 W Juniper AVE,85053,Closed,Rancho Encanto,1979,2,2,1233
1033,364990,5823 S 13th AVE,85041,Closed,SUNLAND RANCH,2022,3,2,1100
1034,1000000,1102 W ASTER DR,85029,Closed,TAIT NORTH,1997,5,3,3949
1035,240000,1708 W Corona AVE,85041,Closed,"HOME OWNER'S ESTATES 50-63, 78-84",1952,3,2,1046
1036,385000,808 W PICCADILLY RD,85013,Closed,NORTH PARK CENTRAL UNIT 3,1952,3,2.5,1276
1037,510000,6225 W CORRINE DR,85304,Closed,WESTERRA,1982,4,2,2028
1038,640000,1908 E GLENROSA AVE,85016,Closed,PETERS VIEW TRACT 2,1948,4,3,1769
1039,595111,1816 E ALICIA DR,85042,Closed,HIGHLINE RANCH,2002,4,3,2685
1040,517500,15002 N 38TH AVE,85053,Closed,DEERVIEW UNIT 6,1970,5,2,2400
1041,590000,537 E BOCA RATON RD,85022,Closed,HILLCREST 5,1973,2,2,1979
1042,564000,13828 N Medinan DR,85022,Closed,HILLCREST 2,1973,2,2,1867
1043,367000,14049 N 48TH AVE,85306,Closed,PATIO HOMES NORTH 4,1971,4,3,2039
1044,795000,11433 N 24TH ST,85028,Closed,"CLOUSE ACRES AMD LOT 3-8, 13-15",1975,3,2,1874
1045,650000,1809 N 74TH PL,85257,Closed,SCOTTSDALE ESTATES 2 LOTS 87-221,1957,3,2,1506
1046,720000,1043 E OREGON AVE,85014,Closed,TOWN HOUSE MANOR,1951,3,2.75,1835
1047,329000,1837 W SONORA ST,85007,Closed,WEONA HOMES,1955,4,1,1269
1048,402000,2344 E MARMORA ST,85022,Closed,CACTUS GARDENS 2,1968,3,2,1224
1049,930000,3722 E FAIRMOUNT AVE,85018,Closed,"SUNCREST ESTATES 2 LOT 90-140, 70-77",1953,4,3,2208
1050,357000,9619 N 12TH AVE,85021,Closed,FOOTHILL ACRES LOTS 33-48 & 58-59,1949,3,1,1141
1051,535000,3245 E PALM LN,85008,Closed,GIOIA HOMES,1970,3,2,2572
1052,402000,6529 W MONROE ST,85043,Closed,SOUTHGLEN UNIT 1,2005,3,2.5,2150
1053,340000,3202 N 52ND PKWY,85031,Closed,MARYVALE TERRACE 19 LTS 6441-6445 & TR A,1956,4,2.5,1793
1054,395000,7241 W CAMELBACK RD,85033,Closed,MARYVALE TERRACE NO. 34,1969,3,2,1982
1055,405563,6304 N 67TH LN,85303,Closed,GLENDALE 10 SUBDIVISION,2021,4,3,1850
1056,386000,6325 W CARON ST,85302,Closed,BRAEMAR GLEN 6,1980,2,2,1107
1057,600000,1819 E FAWN DR,85042,Closed,LAS COLINAS,2003,3,2,2219
1058,405000,3925 W SAN JUAN AVE,85019,Closed,WEST PLAZA 20,1967,5,2,1790
1059,478000,2009 E WINSTON DR,85042,Closed,MOUNTAIN COVE AT SOUTH MOUNTAIN,2001,3,2,1522
1060,335000,302 E DESERT DR,85042,Closed,THUNDERBIRD COUNTRY CLUB EST 6,1966,4,2,1629
1061,385000,15039 N 30TH DR,85053,Closed,"COUNTRY GABLES 2 LOT 256-281, 294-325, & TR D",1970,4,2,2160
1062,850000,4234 E REDFIELD RD,85032,Closed,SHADOWRIDGE 3,1980,4,2.75,1989
1063,430000,7723 N 46TH DR,85301,Closed,GOLDEN PALMS ESTATES 2,1970,4,2.5,2016
1064,515000,7935 W ORANGE DR,85303,Closed,EL PRADO,2021,3,2,1788
1065,374900,3015 W GREENWAY RD,85053,Closed,"COUNTRY GABLES 2 LOT 256-281, 294-325, & TR D",1970,5,3,1296
1066,327500,4228 W Vista AVE,85051,Closed,LORI HEIGHTS,1962,3,1.75,1047
1067,420000,6821 W MARIPOSA ST,85033,Closed,MARYVALE TERRACE 26 AMD LOTS 10369-10434 & TR A,1960,5,2,1674
1068,460000,7520 N 46TH DR,85301,Closed,GOLDEN PALMS ESTATES UNIT 4,1971,4,2,2289
1069,476000,2211 W Beck LN,85023,Closed,SIERRA PRIETA,2017,3,2,1507
1070,695000,224 E EUGIE AVE,85022,Closed,CRESTA DEL ORO,1972,3,2,1924
1071,1050000,13832 N 52ND ST,85254,Closed,PARADISE VILLAGE NORTH UNIT 2,1988,4,2,2572
1072,590000,1529 E Brill ST,85006,Closed,KENWOOD TRACTS A & B,1926,3,2,1401
1073,850000,532 W VIRGINIA AVE,85003,Closed,LOMA VISTA,1941,4,3,2215
1074,725000,1458 N LA ROSA DR,85281,Closed,MARLBOROUGH PARK ESTATES,1980,3,2.5,2467
1075,449000,1324 E MORELAND ST,85006,Closed,ROSEMONT,1916,3,2,1410
1076,505000,341 E CAROL AVE,85020,Closed,Tengen Place Addition,1936,3,2,2054
1077,735000,14425 N 5TH ST,85022,Closed,MOON VALLEY COUNTRY ESTATES,1971,3,2,2082
1078,371000,8517 W MARIPOSA DR,85037,Closed,HORIZONS ON CAMELBACK UNIT 2,1996,3,2,1098
1079,779000,6515 E 5TH ST,85251,Closed,Southwest Village,1955,3,2,1529
1080,372500,7714 W OSBORN RD,85033,Closed,MARYVALE TERRACE 28A LOTS 11601-11616,1961,3,2,1620
1081,420000,14605 N 40th PL,85032,Closed,Foxchase,1986,3,1.75,1230
1082,465000,2437 W SPENCER Run,85041,Closed,WESTON PARK UNIT 2,2005,4,2.5,2334
1083,370000,6001 W CATALINA DR,85033,Closed,"MARYVALE TERRACE 24 9306-9390, TR A",1960,4,2,1585
1084,385000,4910 W Corrine DR,85304,Closed,PARKWOOD SUBDIVISION UNIT NO 8 LOT 1 THROUGH 62,1977,3,2,1341
1085,597000,4102 E GRANADA RD,85008,Closed,TOWN & COUNTRY MANOR 2,1958,3,2,2076
1086,270000,12807 N 30TH DR,85029,Closed,WESTOWN 3,1960,3,2,1484
1087,325000,304 W BUIST AVE,85041,Closed,"SOUTH MOUNTAIN HEIGHTS ANNEX 18-43, 78-103",1956,3,2,1184
1088,516000,2315 E La Salle ST,85040,Closed,Copper Leaf,2006,4,2.5,3073
1089,462000,201 E MILADA DR,85042,Closed,SUMMIT AT SOUTH MOUNTAIN,2003,3,2.5,2346
1090,605000,8218 E ROMA AVE,85251,Closed,SCOTTSDALE ESTATES 9 LOTS 1184-1350,1959,3,2,1416
1091,710000,611 E LE MARCHE AVE,85022,Closed,Moon Valley,1980,4,2.5,2223
1092,450000,8721 N 58TH LN,85302,Closed,RANDOLPH RANCH,1998,4,3,1892
1093,490000,3313 W St. Catherine AVE,85041,Closed,LAVEEN VILLEGE,2005,5,3,3213
1094,440000,9248 N 36TH DR,85051,Closed,PARKWOOD SUB UNIT NO 3,1969,4,2,1772
1095,600000,901 W OREGON AVE,85013,Closed,CHRIS GILGIANS COX VILLA 2,1957,3,2,1304
1096,533300,2617 E HILLERY DR,85032,Closed,PAPAGO 77,1981,4,2,1428
1097,340000,2222 W CHAMBERS ST,85041,Closed,PARK PHOENIX 3,1982,3,1.75,936
1098,408000,2032 E HARVARD ST,85006,Closed,AVALON BLOCKS 1-4,1940,2,1,936
1099,522000,2939 W PORT AU PRINCE LN,85053,Closed,COUNTRY GABLES,1961,3,2,2065
1100,415000,2808 W MORTEN AVE,85051,Closed,ORANGEWOOD ADDITION,1979,3,3,2210
1101,385000,2917 E DIAMOND ST,85008,Closed,DEL MONTE VISTA,1950,3,2,1350
1102,670000,3355 N 6th AVE,85013,Closed,PARK CENTRAL UNIT 1,1953,3,2,1556
1103,405000,2319 W CARSON RD,85041,Closed,COPPER CREEK,2002,3,2,1336
1104,395000,2439 W DIANA AVE,85021,Closed,"FREEWAY PARK LOT 158-193, 201-236",1959,3,2,1092
1105,470000,7681 N 51ST LN,85301,Closed,MANISTEE RANCH PARCEL 3,2000,3,2.5,1832
1106,430000,6524 W HILTON AVE,85043,Closed,ARIZONA MEADOWS 2 AT TERRALEA,2005,3,2,1653
1107,450000,5630 W HATCHER RD,85302,Closed,BRAEMAR ESTATES 2,1972,4,2,1883
1108,368000,2007 W HIDALGO AVE,85041,Closed,PARK PHOENIX 2,1961,3,2,1000
1109,450000,6509 W Sunnyside DR,85304,Closed,Westridge,1980,3,2,1663
1110,800000,5302 E CROCUS DR,85254,Closed,NORMA ESTATES,1978,3,2,1740
1111,860000,2202 N EVERGREEN ST,85006,Closed,MONTE VISTA PARK,2007,4,2,1614
1112,505000,2319 W DARROW ST,85041,Closed,PREVALENT AT MADISON RANCH,2020,3,2.5,2223
1113,700000,3213 E ROMA AVE,85018,Closed,CAMELBACK WAY,1950,2,1,1107
1114,665000,6420 E Virginia AVE,85257,Closed,HY-VIEW,1959,3,2,1509
1115,425000,3217 W CHOLLA ST,85029,Closed,KNOELL NORTH 3,1969,4,1.75,1674
1116,485000,6627 S 25TH DR,85041,Closed,ANDERSON FARMS,2004,4,2,2160
1117,368000,2101 N 39TH AVE,85009,Closed,DEL MONTE VILLAGE 1,1953,4,2,1600
1118,384750,4214 N 77TH AVE,85033,Closed,NATIONAL EMBLEM WEST UNIT 1,1973,3,2,1377
1119,749900,829 E MONTE WAY,85042,Closed,VISTAL PHASE 2B,2020,4,3.5,3085
1120,417000,4532 W CINNABAR AVE,85302,Closed,TANITA FARMS UNIT 1,1977,3,2.5,1527
1121,415000,3843 W SAHUARO DR,85029,Closed,SUNSET NORTH UNIT 2,1970,3,2,1519
1122,665000,10611 N 37TH ST,85028,Closed,BROADMOOR HILLS UNIT 6 LOT 218-249,1972,3,2,2156
1123,380000,2027 W ASTER DR,85029,Closed,CANYON FOOTHILLS,1971,2,2,1336
1124,399995,2721 E KINGS AVE,85032,Closed,BELL PARK 4,1998,3,2,1340
1125,805000,2613 E PIERSON ST,85016,Closed,CAVALIER CAMPUS 3,1956,4,3,1908
1126,400000,12801 N 36TH DR N,85029,Closed,SWEETWATER SUBDIVISION UNIT 2,1971,5,2.5,1754
1127,650000,12036 N 36TH ST,85028,Closed,CACTUS PARK,1971,3,2,2076
1128,420000,3241 W SAHUARO DR,85029,Closed,KNOELL NORTH UNIT 1,1968,4,2,1850
1129,825000,4633 N 44TH ST,85018,Closed,REGENTS PARK,1958,3,2,1363
1130,440000,5846 W STATE AVE,85301,Closed,"CATLIN COURT BLK 13-15, 18-20",1925,4,3,1767
1131,470000,5541 W WOOD ST,85043,Closed,RIVER BEND 2,2006,4,2.5,2066
1132,375000,12438 N 50TH DR,85304,Closed,PARKWOOD SUBDIVISION UNIT NO. 10,1979,3,2,1860
1133,385000,1429 E BLOCH RD,85040,Closed,RIDGEFIELD,2004,4,2.5,1580
1134,815000,6901 E DIAMOND ST,85257,Closed,PAPAGO PARKWAY,1959,4,2,1894
1135,246500,1822 E DIAMOND ST,85006,Closed,"GRANDVIEW BLKS 9, 10, 11",1956,3,1,1135
1136,179900,3710 W LATHAM ST,85009,Closed,WEST PHOENIX NO 4,1944,2,1,562
1137,640000,13232 N 1st AVE,85029,Closed,Heritage Highlands,1980,4,2,2581
1138,338700,2406 W MARLETTE AVE,85015,Closed,CAVALIER FREEWAY,1956,3,1.5,1384
1139,570000,1924 W VIRGINIA AVE,85009,Closed,ENCANTO ESTATES 3,1958,3,2,1616
1140,360000,3743 W EL CAMINO DR,85051,Closed,STARDUST SKIES 3 AMENDED,1963,3,2,1748
1141,440000,7119 N 66th DR,85301,Closed,Pecan Ridge One Lot 1-18,2022,4,3,1840
1142,340000,1617 E GARFIELD ST,85006,Closed,ALAMEDA PLACE,1930,2,1,1026
1143,651000,8221 E HEATHERBRAE AVE,85251,Closed,SCOTTSDALE ESTATES 9 LOTS 1184-1350,1959,3,2,1416
1144,620000,5633 W BLOOMFIELD RD,85304,Closed,MISSION GROVES 2 AT MARSHALL RANCH LT 1-76 TR A B,1992,5,3,2932
1145,250000,2525 E CULVER ST,85008,Closed,NORTH ELSINORE BLOCK 9-12,1935,3,1,1008
1146,360000,6401 N 45TH DR,85301,Closed,WEST PLAZA 16,1964,3,2,1520
1147,877000,1124 W ORANGEWOOD AVE,85021,Closed,MEADOWLARK PALMS LOT 1-56,1964,4,3,2353
1148,430000,3423 W T RYAN LN,85041,Closed,35TH AVENUE AND SOUTHERN,2019,3,2,1392
1149,485000,8830 S 12TH ST,85042,Closed,DOBBINS CREEK,2003,3,2,1984
1150,340000,2950 N 53RD PKWY,85031,Closed,MARYVALE TERRACE 19 LTS 6441-6445 & TR A,1959,3,2,1418
1151,320000,3426 W ELM ST,85017,Closed,NORTHWEST VILLAGE 6,1955,3,2,1578
1152,370000,5630 N 30TH DR,85017,Closed,Maryvale Park,1952,3,1.5,1520.9
1153,425000,3418 E VIRGINIA AVE,85008,Closed,TABER TRACT,1955,4,2,1534
1154,460000,3343 N 6TH AVE,85013,Closed,PARK CENTRAL UNIT 1,1955,3,2,1402
1155,355000,1807 N 66TH DR,85035,Closed,MARYVALE TERRACE 39,1971,4,2,1200
1156,700000,220 W CONRAD DR,85023,Closed,Apollo Estates,1981,5,3,2834
1157,430000,2836 W LAMAR RD,85017,Closed,LAMAR PLACE,1999,4,3,2242
1158,500000,5228 W ALTADENA AVE,85304,Closed,PARKVIEW WEST UNIT 2,1978,4,2.5,2056
1159,935000,2344 E YUCCA ST,85028,Closed,DESERT VISTA 6,1979,4,2,2607
1160,420000,7225 W BELMONT AVE,85303,Closed,PARADISE VIEWS 3,2003,3,2,1674
1161,470000,13234 N 38TH ST,85032,Closed,PARADISE VALLEY OASIS NO. 6 AMD LOTS 827 THRU 1252,1972,3,2,1208
1162,510000,2142 W DARREL RD,85041,Closed,MOUNTAIN VISTA,2004,4,2,1906
1163,1025000,7101 N 3rd AVE,85021,Closed,MELODY LANE,1954,4,3.5,3351
1164,510000,700 W NORTHERN AVE,85021,Closed,SUPPLIED IN ESCROW,1900,2,1,1320
1165,310000,7618 W INDIANOLA AVE,85033,Closed,MARYVALE TERRACE 28 LOTS 11349-11374 & TR B,1961,3,2,1665
1166,450000,5230 W COCHISE DR,85302,Closed,BEACON HEIGHTS,2013,3,2,1874
1167,365000,3510 W CAMPBELL AVE,85019,Closed,PARK WEST UNIT 2,1959,4,2,2048
1168,770000,1412 E Sheridan ST,85006,Closed,MAXWELTON TRACT,2019,3,2,1605
1169,817500,1758 W ASTER DR,85029,Closed,SWEETVIEW ESTATES,1997,5,3,3550
1170,333000,3220 W SHARON AVE,85029,Closed,SURREY HEIGHTS 1,1959,3,1.75,1400
1171,360000,5308 W CORONADO RD,85035,Closed,WEDGEWOOD PARK 10,1974,4,3,1519
1172,420000,2726 W CHANUTE PASS,85041,Closed,BARCELONA,2014,4,2,1652
1173,397000,4948 W PIERSON ST,85031,Closed,MARYVALE TERRACE 2B LOTS 787-951,1955,5,2,1972
1174,405000,1836 E GRANADA RD,85006,Closed,MCDOWELL MANORS ANNEX,1950,3,3,1789
1175,350000,6740 W PECK DR,85303,Closed,NONE,1927,2,1,1155
1176,455000,3341 W PURDUE AVE,85051,Closed,CONTINENTAL MEADOWS NORTH UNIT 3,1970,4,2,1855
1177,650000,1532 E MEADOW LN,85022,Closed,POINTE MOUNTAINSIDE GOLF COMMUNITY UNIT ONE,1994,3,2,2169
1178,515000,1602 W LAWRENCE RD,85015,Closed,MARYLAND GARDENS 2 LOTS 82-152,1963,3,2.5,1796
1179,430000,1802 E WILLETTA ST,85006,Closed,BRENTWOOD BLKS 2 THROUGH 5 AND 9 THROUGH 12,1933,3,1,1048
1180,330000,5418 W ROANOKE AVE W,85035,Closed,HOMESTEAD TERRACE 2,1962,3,2,1172
1181,305000,10801 N 45th DR,85304,Closed,Cavalier West,1975,4,2,1784
1182,355000,4227 W VERNON AVE,85009,Closed,PARKWAY WEST 5,1969,4,2,1511
1183,465000,2153 W OSBORN RD,85015,Closed,WESTWOOD ESTATES 1,1948,3,2,1708
1184,585000,516 W ANDERSON AVE,85023,Closed,BELLVUE,1995,4,2.5,2696
1185,1100000,8133 E WHITTON AVE,85251,Closed,"SCOTTSDALE ESTATES 6 LOTS 598-759, TR A",1958,4,3,1922
1186,375000,4332 N 58TH DR,85031,Closed,MARYVALE TERRACE 13 LOTS 2198-2350,1956,4,2,1589
1187,460000,4901 W SWEETWATER AVE,85304,Closed,PARKWOOD SUBDIVISION UNIT NO. 11,1979,3,2,1615
1188,480000,838 W PICCADILLY RD,85013,Closed,NORTH PARK CENTRAL UNIT 3,1952,3,2,1276
1189,365000,5421 W ALTADENA AVE,85304,Closed,PARKVIEW WEST UNIT 2,1979,3,2,1024
1190,874000,12810 N 17TH AVE,85029,Closed,MOON HILLS,1978,5,3.5,3137
1191,599000,7537 E DIAMOND ST,85257,Closed,NEW PAPAGO PARKWAY 8,1960,3,2,1344
1192,452500,8329 N 5TH ST,85020,Closed,"NORTH TOWN LOTS 30-59, 129-139",1954,3,1.75,1152
1193,585000,1218 E SHEENA DR,85022,Closed,Fairway at the Pointe,1993,4,2.5,2241
1194,335000,3835 W LYNWOOD ST,85009,Closed,FRANMAR MANOR LOTS 1-19,1960,4,2,1249
1195,372000,4713 N 31ST DR,85017,Closed,NORTHWEST VILLAGE 5,1954,4,2.5,1900
1196,223050,6810 W MOUNTAIN VIEW RD,85345,Closed,BRAEMAR UNIT 7,2006,3,2,1305
1197,372000,3913 W EDGEMONT AVE,85009,Closed,ENCANTO VILLAGE 2,1960,4,3,1942
1198,526000,503 E BETH DR,85042,Closed,SUMMIT AT SOUTH MOUNTAIN,2004,4,2,3097
1199,310000,4024 W ALICE AVE,85051,Closed,NEWCASTLE HOMES 5,1969,3,2,1594
1200,330000,4564 N 29TH AVE,85017,Closed,NORTHWEST VILLAGE 2,1953,3,1.5,1417
1201,320500,5219 W BANFF LN,85306,Closed,PATIO HOMES NORTH 6,1974,3,2,1064
1202,472000,1534 E PIERCE ST,85006,Closed,WALLACE TRACT,2008,3,2,1812
1203,620000,6146 N 10Th AVE,85013,Closed,ROSE LANE PLAZA LOTS 21-52 TR A,1958,3,2,1478
1204,388000,4845 W SHANGRI LA RD,85304,Closed,VILLA CONTESSA,1974,3,2,1226
1205,300777,4227 W VISTA AVE,85051,Closed,"LORI HEIGHTS LOTS 204-223, 294-327",1966,3,2,1047
1206,850000,8507 E MONTECITO AVE,85251,Closed,SCOTTSDALE HIGHLANDS,1958,3,3,1660
1207,475000,5634 W MISSION LN,85302,Closed,BRAEMAR ESTATES,1971,3,2,1768
1208,440000,12805 N 15TH DR,85029,Closed,MOON HILLS,1971,3,2,1860
1209,410000,1421 E IRWIN AVE,85042,Closed,SOUTH POINT,1994,3,2,1260
1210,454000,5822 W MESCAL ST,85304,Closed,GREENBRIER UNIT 8,1983,4,2,1972
1211,600000,3402 E CAROL ANN WAY,85032,Closed,BELLA TERRA,1981,3,2,2012
1212,375000,739 E Constance WAY,85042,Closed,VILLAGES AT VERONA,2016,3,2.5,1499
1213,365000,7301 W CHERYL DR,85345,Closed,SUNTOWN UNIT 2,1972,3,2,1581
1214,529000,4637 E GRANADA RD,85008,Closed,RANCHO MIO,1953,3,2,1710
1215,460000,2016 W HOLLY ST,85009,Closed,VENICE,1953,3,2,1145
1216,358000,6124 W CLARENDON AVE,85033,Closed,Maryvale Terrace 4,1958,3,2,1746