ID,Price,Address,zip,status,Subdivision,Year Built,Bedrooms,Bathrooms,Approx SQFT
1,427167,3231 W MARYLAND AVE,85017,Active,WEST PLAZA 6 LOT 614-787,1958,3,2,1302
2,400000,5109 E THOMAS RD,85018,Active,PAPAGO VILLAGE,1943,0,0,1358
3,399900,8020 W STELLA AVE,85303,Active,SHALIMAR,1997,3,2,1505
4,349000,6944 W Verde LN,85033,Active,MARYVALE TERRACE NO. 49,1983,3,3,1514
5,419000,4105 W PASADENA AVE,85019,Active,TU-DOR ESTATES,1971,4,2,1908
6,428900,2917 W SIERRA ST,85029,Active,GOLDWATER LAKES,1977,2,2,1272
7,360000,3632 W RUTH AVE,85051,Active,SUNSET GARDENS,1960,3,1.75,1566
8,360000,5628 S 41ST ST,85040,Active,KNOELL GARDEN GROVES UNIT 6,1979,2,2,1120
9,875000,541 W MARLETTE AVE,85013,Active,AMBASSADOR ESTS,1960,3,2,2270
10,335000,6716 N 51ST DR,85301,Active,SHEETS ADD,1947,3,2,1210
11,386000,4137 E LA SALLE ST,85040,UCB (Under Contract-Backups),FIORE,2004,3,2,1149
12,599000,2536 E SYLVIA ST,85032,UCB (Under Contract-Backups),CLEARVIEW 3,1971,4,2,1811
13,420000,4020 W Montebello AVE,85019,Active,West Plaza 17,1965,3,1.75,1673
14,870000,3701 E Laurel LN,85028,Active,"STAR OF PARADISE 2 LOTS 82-108, 124-152",1964,4,2,2158
15,585000,7026 N 14TH ST,85020,Active,PATIO DEL SOL,1950,3,2,1743
16,359995,6202 S 5TH AVE,85041,Active,SOUTHLAND UNIT 2,1947,4,2,1400
17,500000,920 E COLTER ST,85014,Active,MILIDA MANOR,1951,3,2,1318
18,674900,2546 E GLENROSA AVE,85016,Active,HOFFMAN TERRACE 1,1949,3,2,1957
19,385000,6912 N 49TH AVE,85301,UCB (Under Contract-Backups),CAVALIER DALE,1955,4,2,1631
20,169000,2144 E OAK ST,85006,Active,AVALON BLOCKS 1-4,1940,2,1,576
21,385000,2312 W LAUREL LN,85029,Active,VALLEY VISTA UNIT 4B,1969,4,2,1380
22,515000,3822 W WALTANN LN,85053,UCB (Under Contract-Backups),VERDE REAL 1,1982,3,2.5,1801
23,362000,3621 W El Camino DR,85051,Active,Stardust Skies 1,1962,3,2,1556
24,415000,5627 N 39TH DR,85019,Active,WEST PLAZA 20,1966,4,2,1866
25,395000,7428 W MINNEZONA AVE,85033,Active,SUNSET MEADOWS REPLAT,1981,3,2,1486
26,405000,4220 W BUTLER DR,85051,Active,STARDUST SKIES UNIT 7,1967,3,2,1454
27,765000,8143 E Weldon AVE,85251,Active,Scottsdale Estates 6,1958,4,2,1830
28,490000,4435 E WHITNEY LN,85032,Active,COVEY UNIT 7 LOT 329-363,1983,2,2,1441
29,675000,1716 E SOLANO DR,85016,Active,TANGERINE PARK 1 AMD,1949,4,3,2480
30,335000,4530 W SUNNYSLOPE LN,85302,Active,SKYVIEW NORTH 1,1971,3,2,1120
31,470000,5313 S 8TH DR,85041,Active,CYPRESS ON SUNLAND,2004,3,2.5,1798
32,744900,3727 E SAHUARO DR,85028,Active,SHEA FOOTHILLS,1970,4,2,1980
33,320000,4144 N 29TH DR,85017,Active,MISSION MANOR 2,1952,4,2,1356
34,399900,6408 W FLYNN LN,85301,Active,WESTDALE ESTATES UNIT 1,1973,4,2,2201
35,425000,9606 N 14TH ST,85020,UCB (Under Contract-Backups),S 65' OF N 311.16' OF W 94' OF E 124' OF NW4 SE4 .14 AC,1958,4,2,1758
36,529420,3550 E EDNA AVE,85032,Active,"PREMIERE AT SUMMER BREEZE TWO LOT 97-166 TR A,B",1992,3,2,1157
37,750000,5827 N 10TH ST,85014,Active,MARLEN GROVE,1952,3,2,1703
38,475900,2730 E DAHLIA DR,85032,Active,CLEARVIEW 6,1972,3,2,1380
39,496000,5026 W LAWRENCE RD,85301,Active,CAVALIER DALE,1955,4,2,1984
40,524000,4346 W SHAW BUTTE DR,85304,Active,LAUREL COVE,2017,4,2,2024
41,485000,10013 N 54TH AVE,85302,Active,OAKDALE,1984,4,3.5,2201
42,795000,544 W THUNDERBIRD RD,85023,Active,"MOON VALLEY LOTS 1-128, 146-339, TR A-E",1971,4,2,2150
43,570000,7215 N 15TH PL,85020,Active,SANDOLLAR AMENDED,1975,3,2.5,2098
44,379750,7214 W CAVALIER DR,85303,Active,BETHANY HERMOSA PARK 1,1970,3,2,1235
45,419000,6615 W COOLIDGE ST,85033,Active,PARKSIDE UNIT 2,1973,4,2,1681
46,299000,3525 W OCOTILLO RD,85019,Active,WEST PLAZA 9 LOT 1249-1410,1959,3,1.75,2144
47,699900,2525 N MITCHELL ST,85006,Active,FOWLER TRACT LOTS 1-96,1915,4,2,1925
48,329900,1508 W CARTER RD,85041,Active,VISTA GRANDE UNIT 4,1982,3,2,1208
49,420000,5315 W Saint Moritz LN,85306,Active,PATIO HOMES NORTH 5,1971,4,2,1288
50,975000,7810 N 16TH LN,85021,Active,SKAGGS ESTATES,1952,3,2,2513
51,414000,1641 N 27TH PL,85008,Active,WILLIAM CREIGHTON MANOR,1951,3,2,1217
52,348000,6447 W PICCADILLY RD,85033,Active,Sunset Knoll 2,1960,3,2,1300
53,365000,3624 W CORONADO RD,85009,Active,TOWN HOUSE PARK,1953,3,2,1227
54,399000,3706 S 57th LN,85043,Active,CYPRESS RIDGE PHASE 1,2021,3,2.5,1958
55,439000,9817 N 40TH DR,85051,Active,NEWCASTLE VILLAGE UNIT 4,1971,3,1.75,1759
56,995000,3215 E ORANGE DR,85018,UCB (Under Contract-Backups),BILTMORE CIRCLE,1960,3,2,1474
57,459000,1107 E EL CAMINITO DR,85020,UCB (Under Contract-Backups),NEW NORTHTOWN 2,1959,3,2,1508
58,410000,4426 W VOGEL AVE,85302,Active,CONTINENTAL MEADOWS NORTH UNIT 5,1971,3,2,1432
59,450000,8312 N 62ND DR,85302,Active,EXECUTIVE PALMS,1997,4,2.5,2163
60,699000,6825 N 10TH PL,85014,Active,PALM TERRACE 2,1950,4,2,1575
61,445000,2206 W GLENDALE AVE,85021,Active,NEWCASTLE HOMES 1 LOTS 1-121,1956,4,3,1581
62,375000,8501 W MEADOWBROOK AVE,85037,Active,HORIZONS ON CAMELBACK UNIT 2,1996,3,2,1500
63,600000,927 N 8TH ST,85006,Active,HAMILTON SUB.,1911,2,1,1022
64,715000,717 W CALDWELL ST,85041,Active,EMBARCADERO AT SOUTH MOUNTAIN,2017,5,4,2789
65,499900,5723 S 30TH GLN,85041,Active,PARK MEADOWS UNIT 2,2019,3,2,1547
66,320000,5524 W WINDSOR AVE,85035,Active,HOMESTEAD TERRACE UNIT 4,1969,3,2,1260
67,700000,7823 E CULVER ST,85257,Active,MCDOWELL PARKWAY,1958,4,2,1380
68,275000,5624 N 62ND AVE,85301,Active,MARYVALE TERRACE 20-A LTS 7490-7494,1959,3,1.25,1020
69,499990,2917 W ASTER DR,85029,Active,WESTOWN 3,1959,4,2,2180
70,750000,1641 E PALO VERDE DR,85016,Active,MADISON VILLAGE,1962,3,2,1613
71,428000,3324 W LATHAM ST,85009,Active,WESTCROFT PLACE PLAT 2,1951,4,2,1888
72,974999,13401 N 31ST PL,85032,Active,RESERVE AT SHADOW MOUNTAIN,2006,5,3.5,3515
73,389900,4742 N 47TH AVE,85031,Active,MARYVALE TERRACE 2B LOTS 787-951,1955,3,2,1400
74,406000,4611 N 56TH LN,85031,Active,MARYVALE TERRACE 14,1957,4,2,1692
75,549000,3908 E Carol Ann WAY,85032,UCB (Under Contract-Backups),Silvertree 1,1986,3,2,1608
76,465000,2237 N 21ST PL,85006,Active,KNAPE PLACE,1920,3,2,1047
77,550000,5658 W HARMONT DR,85302,Active,PARADISE VISTAS 2,2005,4,2.5,2961
78,425000,13225 N 34TH DR,85029,UCB (Under Contract-Backups),SURREY HEIGHTS 5,1970,3,2,1986
79,450000,5136 W HEARN RD,85306,Active,DEERVIEW UNIT 15,1972,3,2,1820
80,479900,8514 E PASADENA AVE,85250,Active,PARK SCOTTSDALE 2,1961,3,1.75,1260
81,410000,7742 W PALM LN,85035,Active,VINSANTO,2017,4,2.5,1727
82,365000,8140 W VERDE LN,85033,Active,MARYVALE TERRACE 30 TR A,1962,3,2,1080
83,345000,310 E DESERT DR,85042,Active,THUNDERBIRD COUNTRY CLUB EST 6,1971,3,1.75,1200
84,425000,2624 E CACTUS RD,85032,Active,CLEARVIEW 3,1972,3,2,1460
85,466000,7225 S 17TH DR,85041,Active,COURTYARDS AT MADISON RANCH,2017,3,3,1791
86,775000,6144 W FREEWAY LN,85302,Active,ALICE PARK,2018,5,3,3021
87,379900,7605 W WHITTON AVE,85033,Active,MARYVALE TERRACE 28A LOTS 11601-11616,1961,4,2,1300
88,549000,3050 E SHANGRI LA RD,85028,Active,MELROSE PARADISE 1,1960,3,2,1656
89,459000,2929 E WIER AVE,85040,Active,WIER ESTATES LOTS 159-168,2021,4,3,2304
90,445000,3709 W MESCAL ST,85029,Active,melrose gardens,1969,4,2,1821
91,380000,1435 E CHAMBERS ST,85040,Active,SOUTH MOUNTAIN VISTA 1 UNIT 3 LOTS 213-221,1959,3,2.5,1083
92,850000,301 W LEWIS AVE,85003,Active,FAIRVIEW HOMES,1937,3,2,1478
93,399000,4165 W WETHERSFIELD RD,85029,Active,CACTUS PARK,1995,3,2.5,1568
94,350000,1521 E PINCHOT AVE,85014,UCB (Under Contract-Backups),PEPER-THURMAN TRACT,1950,2,1,1586
95,605000,2435 E FREMONT RD,85042,Active,FAIRWAYS AT THE LEGACY UNIT 1 REPLAT,2001,3,2,2144
96,630000,7240 N DREAMY DRAW DR 126,85020,Active,LEGENDS AT DREAMY DRAW CONDOMINIUMS,1998,4,2.5,2408
97,425000,4809 W PARADISE DR,85304,Active,CONTINENTAL NORTH UNIT 8,1973,4,2,1730
98,275000,6633 W OSBORN RD,85033,Active,MARYVALE TERRACE 31,1961,3,1.5,952
99,450000,2025 W Eugie AVE,85029,Active,MOON VALLEY GARDENS LOTS 377-392 & TR A,1966,4,2,1560
100,525000,12340 N 58TH DR,85304,Active,MISSION GROVES 3 AT MARSHALL RANCH,1996,4,2,1979
101,450000,2038 W CAMPBELL AVE,85015,Active,MELROSE ESTATES,1956,3,2,2124
102,470000,4619 W Becker LN,85304,Active,Cavalier West,1972,4,2,1975
103,475000,3212 E LAUREL LN,85028,Active,SUMMER LANE,1994,3,2,1306
104,449500,4031 W Cochise DR,85051,Active,Garden Villa,1974,3,2,1743
105,367000,2038 N 29TH ST,85008,Active,SANDIGE SQUARE,1949,2,1,700
106,799000,340 W Gleneagles DR,85023,Active,MOON VALLEY 2,1972,4,2,2565
107,624950,3722 E GREENWAY LN,85032,Active,PARADISE VALLEY OASIS 11,1980,5,2,2080
108,404999,3102 W ALVARADO RD,85009,Active,NORTHWEST HOMESITES 2 BLKS 20-26,1962,3,2,1344
109,995990,3011 E HARWELL RD,85042,UCB (Under Contract-Backups),Blossom Hills II,2017,4,3.5,3085
110,420000,3916 W AUGUSTA AVE,85051,Active,NORTHERN PALMS,1970,3,1.75,1732
111,487000,1845 E PALM LN,85006,Active,MCDOWELL MANORS ANNEX,1946,2,1,1300
112,450000,2831 N 33RD ST,85008,Active,SHARON LEE PLACE,1953,3,1,1496
113,450000,4238 N 10th PL,85014,Active,DEVONSHIRE MANOR,1950,3,1,1313
114,524900,15602 N 38TH PL,85032,Active,SILVERTREE,1984,3,2.75,2026
115,500000,1326 E CORONADO RD,85006,Active,GOVERNOR SQUARE,1939,2,1,942
116,424000,4008 N 59TH AVE,85033,Active,MARYVALE TERRACE 4 AMD,1958,5,2.5,2135
117,347953,2917 N 44TH LN,85031,Active,MARYVALE TERRACE 17 LOTS 5553-5694,1958,3,2,1411
118,439000,3935 W SURREY AVE,85029,Active,WESTCLIFF PARK UNIT 2,1980,3,2,1442
119,350000,9022 N 18TH DR,85021,Active,COX VILLAGE,1959,3,2,1714
120,250000,14609 N 29TH AVE,85053,Active,COUNTRY GABLES LOT 1-31 TR A & B,1961,3,2,1120
121,420000,6204 S 16TH LN,85041,Active,SOUTHGATE,2003,3,2,1376
122,789000,5515 N 11TH ST,85014,Active,McMurry/TMG TOWNHOUSE TERRACE 3,1951,3,2.5,1961
123,373000,4248 E SAINT CATHERINE AVE,85042,Active,UNIVERSITY MEADOWS UNIT 2,1973,3,1.5,1262
124,950000,516 E PASADENA AVE,85012,Active,WINDSOR SQUARE BLOCK 7 LOTS 27 UP BLOCK 8 LOTS 16,1947,3,2,1850
125,375000,6825 W DENTON LN,85303,Active,HALLCRAFT WEST SIDE ESTATES,1978,3,2,1699
126,600000,4625 E ALMERIA RD,85008,Active,RANCHO MIO,1953,4,3,1902
127,405000,1525 W NORTH LN,85021,Active,SKYCREST,1958,3,2,1200
128,389900,2246 E NANCY LN,85042,Active,DEL MONTE PLAZA,1957,3,2,1325
129,470000,2520 W SURREY AVE,85029,Active,MELROSE PARK ESTATES,1978,3,2,1646
130,440000,2724 W GRENADINE RD,85041,Active,BARCELONA,2013,4,2,1681
131,485000,3146 W FREMONT RD,85041,Active,LAVEEN VILLAGE AMD,2003,3,2,1531
132,435000,10034 N 40TH AVE,85051,Active,Garden Villa,1985,3,2,1472
133,780000,2437 E SOUTH MOUNTAIN AVE,85042,Active,HIGHLAND TERRACE,2018,4,3.5,2660
134,374900,2606 N 50TH LN,85035,Active,BRAEWOOD ESTATES 2,1972,3,1.75,1220
135,605000,7810 E KIMSEY LN,85257,Active,MEREWAY MANOR LOTS 200-217,1989,2,2,1260
136,800000,15632 N 18th ST,85022,Active,Sunset Hills 1,1984,4,3,2371
137,369990,4001 W GOLDEN LN,85051,UCB (Under Contract-Backups),NEWCASTLE HOMES 5,1962,3,2,1470
138,479900,1338 E CLARENDON AVE,85014,Active,LONGVIEW ACRES,1945,3,2,1379
139,385000,2444 W ECHO LN,85021,Active,FREEWAY PARK 2,1959,3,2,1486
140,500000,1533 W 7TH ST,85281,Active,LINDON PARK 9,1961,5,2,2022
141,539000,2044 E Monterey WAY,85016,Active,Osborn Parkway 2,1956,4,3,1897
142,429900,1615 N 56TH LN,85035,Active,MARYVALE TERRACE NO. 40,1970,5,2,2140
143,321900,2206 E BURGESS LN,85042,UCB (Under Contract-Backups),DEL MONTE PLAZA,1960,4,1,1170
144,534900,5239 W KALER CIR,85301,Active,MANISTEE RANCH PARCEL 3,2000,4,2,2071
145,265000,302 E MOHAVE ST,85004,Active,COPE ADD BLKS 1-6,1940,3,1,680
146,324950,2001 W ENCANTO BLVD,85009,Active,Villa Verde Acres,1950,2,1,780
147,499000,3141 W LANE AVE,85051,Active,SANDS WEST 2,1964,4,2,1920
148,799900,3523 N 35th ST,85018,Active,POMELO PARK ANNEX,1951,3,2,1895
149,995000,9430 N 25TH ST,85028,UCB (Under Contract-Backups),ESTATES AT DREAMY DRAW TRACTS A THRU F,1985,3,3,2725
150,485000,3131 N 18TH AVE,85015,Active,TRUMAN TERRACE PLAT 2 lot 9,1950,3,1,1308
151,339900,5651 W MONTE VISTA RD,85035,Active,HOMESTEAD TERRACE UNIT 7,1970,4,2,1564
152,410000,2810 N 73RD DR,85035,Active,VILLAGES AT WESTRIDGE PARK CONDOMINIUM,2017,3,2.5,1675
153,541000,5653 W DESERT JEWEL DR,85302,Active,PARADISE VISTAS 2,2005,4,2,2159
154,625000,825 W 19TH ST,85281,Active,PARKWAY MANOR,1962,4,2.5,2315
155,644900,6908 E CULVER ST,85257,Active,PAPAGO PARKWAY,1959,3,2,1610
156,449900,2421 W ANDERSON AVE,85023,Active,VILLAGE MEADOWS 2,1959,3,2,2243
157,460000,3435 W KINGS AVE,85053,Active,RANCHO ENCANTO UNIT 1,1975,3,2,1908
158,200000,8921 N 10TH ST,85020,UCB (Under Contract-Backups),NA,1958,2,1,672
159,995500,134 E BETHANY HOME RD,85012,Active,ORANGEWOOD LOTS 11-15 BLOCK 2,1955,3,2,1654
160,399000,2131 W JOAN DE ARC AVE,85029,UCB (Under Contract-Backups),MOON VALLEY GARDENS PLAT A,1962,3,2,1283
161,529900,2515 E Broadway RD,85040,Active,N/A,2022,4,3.5,2220
162,299999,6509 N 61st AVE,85301,Active,ORANGECROFT,1947,2,1,768
163,620000,1002 E VILLAGE CIRCLE DR N,85022,Active,VILLAGES,1974,4,1.75,2081
164,479900,310 W MARCONI AVE,85023,Active,LAS MERIDAS,1991,3,2,1567
165,375000,1606 W CULVER ST,85007,Active,FQ STORY ADDITION PLAT E,1947,2,1,917
166,435000,4123 W Hayward AVE,85051,UCB (Under Contract-Backups),NORTHERN PALMS,1970,3,2,1652
167,615000,330 W HAZELWOOD ST,85013,Active,SOUTH PIERSON PLACE HISTORIC & NATIONAL REGISTER NEIGHBORHOOD,1943,3,2,1647
168,664450,1217 E ESCONDIDO DR,85014,Active,ESCONDIDO HERMOSO,1970,2,2,1614
169,405000,2432 W Roeser RD,85041,Active,WESTON PARK UNIT 2,2005,4,2,1756
170,799000,3908 N 83RD ST,85251,Active,SCOTTSDALE ESTATES 8 LOTS 888-1013,1958,3,2,1716
171,414900,7014 S 45TH PL,85042,Active,KNOELL GARDEN GROVES UNIT 5,1983,3,2,1334
172,334999,6638 N 53RD DR REAR,85301,Active,SUGAR ADD BLKS 7-12 & 16,1955,3,2,950
173,300000,1817 E RAYMOND ST,85040,Active,PROGRESS PLACE,1991,3,2,1150
174,324900,3442 W ALTADENA AVE,85029,Active,WESTOWN 7 LOT 1242-1376 & TR D,1961,3,2,1192
175,489900,2638 W SPENCER Run,85041,Active,WESTON PARK UNIT 1,2004,3,2.5,2334
176,345000,2921 W HIGHLAND AVE,85017,UCB (Under Contract-Backups),NORTHWEST VILLAGE 2,1953,4,2,1272
177,415000,2610 W GABY RD,85041,Active,GRAYSON SQUARE,2010,3,2,1743
178,390000,3705 W LUKE AVE,85019,Active,COUNTRY LIFE HOMES UNIT 3,1957,3,2,1430
179,199000,2434 W MOHAVE ST,85009,Active,MEADOW ADDITION,1926,1,1,800
180,390000,6512 W MAGNOLIA ST,85043,Active,ARIZONA MEADOWS 2 AT TERRALEA,2005,3,2,1460
181,350000,757 W Southgate AVE,85041,Active,FRANCES MARGARET SUB.,1960,4,1,1556
182,421000,6709 N 77TH DR,85303,Active,MEADOWS AT INDEPENDENCE LOT 1-297,1994,3,2,1446
183,444000,10214 N 46TH AVE,85302,Active,WESTMINSTER VILLAGE AMD,1975,4,2,1823
184,432000,4544 W CAVALIER DR,85301,Active,WEST PLAZA 14A LOT 205-213 & TR B,1964,4,3,2377
185,495000,7208 S 30TH ST,85042,Active,ENCANTO AT THE LEGACY,2000,4,3,1841
186,454000,5662 W LAS PALMARITAS DR,85302,Active,PARADISE VISTAS,2002,3,2,1825
187,377000,7014 W VERDE LN,85033,Active,MARYVALE TERRACE NO. 49,1982,4,2,1312
188,384000,3101 N 75TH DR,85033,Active,LAURELWOOD UNIT 4,1979,3,2,1524
189,334000,8101 W MEADOWBROOK AVE,85033,Active,MARYVALE TERRACE NO. 53-B,1980,2,1,840
190,424000,7333 N 39TH DR,85051,Active,MELROSE SHADOWS 2,1961,4,3,1932
191,466000,6027 N 61ST DR,85301,Active,MARYVALE TERRACE 21 LTS 7803-7913 & TR A,1960,4,2,1665
192,490000,5333 W CHERYL DR,85302,Active,OAKDALE,1985,3,2,1889
193,497000,2138 E MONTE CRISTO AVE,85022,Active,MOUNTAIN VISTA UNIT ONE,1978,4,2,1596
194,716000,4416 E WHITNEY LN,85032,Active,COVEY UNIT 11,1988,4,3,2486
195,393000,7212 N 20TH DR,85021,Active,WESTWOOD HEIGHTS 2,1960,3,2,1321
196,345000,2030 N 37TH DR,85009,Active,DEL MONTE VILLAGE 1,1954,3,1.5,1640
197,341000,3426 W MARICOPA ST,85009,Active,TIERRA VERDE,1951,2,1,993
198,384000,5449 W FLOWER ST,85031,Active,MARYVALE TERRACE 19 LTS 6441-6445 & TR A,1959,3,2,1608
199,490000,5033 W NANCY LN,85339,Active,RANCHO VERDE ESTATES,2005,4,2,1885
200,475000,3531 W CHERYL DR,85051,Active,CONTINENTAL MEADOWS NORTH,1969,3,2,1843
201,338000,3622 W BERKELEY RD,85009,Active,TOWN HOUSE PARK,1953,3,1,1080
202,478000,4226 W TUCKEY LN,85019,Active,WEST PLAZA 12 LOT 2042-2211,1960,3,2,1676
203,325000,502 W MONTE WAY,85041,Active,SOUTH MOUNTAIN HEIGHTS,1950,2,1,1284
204,354000,6019 N 32ND DR,85017,Active,MARYVALE PARK 5 AMD,1954,3,2,1220
205,501000,6637 S 44TH LN,85339,Active,ROGERS RANCH UNIT 3,2005,5,3,2706
206,523000,3818 E BRANHAM LN,85042,Active,BLOSSOM HILLS,2018,3,2,1598
207,451000,2328 E WAYLAND DR,85040,Active,COPPER LEAF DEVELOPMENT UNIT 2,2007,4,2.5,1743
208,423000,10655 N 45TH DR,85304,Active,CAVALIER WEST,1972,3,2,1559
209,338000,6933 W GEORGIA AVE,85303,Active,HALLCRAFT WEST SIDE ESTATES 2,1977,2,1,832
210,505000,4636 W BURGESS LN,85339,Active,ROGERS RANCH UNIT 2,2005,5,3,2443
211,369999,3741 W MORELAND ST,85009,Active,WEST PHOENIX No. 4,1952,4,2,1415
212,585000,3925 W SANDRA TER,85053,Active,BRANDYWINE TERRACE,2004,4,2,2472
213,335000,833 E WIER AVE,85040,Active,ROSEVELT SQUARE,1976,3,1.5,1056
214,390000,1342 W 11TH ST W,85281,Active,MARGO MANOR LOTS 71-115,1960,3,1.5,1938
215,350000,4440 N 13TH PL,85014,Active,MEADOWBROOK TRACT BLK 1,1904,2,1,1070
216,389500,2007 N 55TH LN,85035,Active,MARYVALE TERRACE NO. 40A,1971,3,2,1064
217,425000,509 N 41ST PL,85008,Active,LANCASTER MANORS,1948,3,2,1376
218,445000,209 E HARTFORD AVE,85022,Active,CENTRAL PLACE NORTH LOT 1-140 TR A-L,1983,3,2,1322
219,900000,16031 N 16TH ST,85022,Active,LOOKOUT CANYON ESTATES LOT 1-49,1997,4,2.5,2776
220,649900,7013 E Cypress ST,85257,UCB (Under Contract-Backups),PAPAGO PARADISE UNIT 1,1955,4,2,1680
221,415000,1701 W LYDIA LN,85041,Active,VINEYARD PARK,2003,3,2,1770
222,289900,3219 E PIERCE ST,85008,UCB (Under Contract-Backups),"SUNBEAM 1 BLK 15, 16, 21, 22",1948,2,1,944
223,1000000,6332 N 16TH AVE,85015,CCBS (Contract Contingent on Buyer Sale),MARLETTE ACRES,2020,4,3.5,2969
224,500000,2428 N 38TH ST,85008,Active,NORTH EAST VILLAGE 2,1955,3,1.5,1145
225,595000,1805 N McAllister AVE,85281,Active,Cavalier Hills 2,1961,3,1.75,1780
226,375000,3423 W CORRINE DR,85029,Active,"WESTOWN 5 LOT 925-928, 943, 957-975 TR A & B",1960,4,2,1580
227,384999,1442 E Garfield ST,85006,Active,KLECK TRACT,1906,2,1.75,1048
228,415000,2523 W Tamarisk ST,85041,Active,Grayson Square,2006,3,2,1524
229,415000,1714 S 5TH ST,85004,Active,COPE ADD BLKS 1-6,2008,3,2.5,1576
230,399900,3748 W ACOMA DR,85053,Active,THUNDERBIRD VILLAGE 3,1974,3,2,1170
231,355000,3123 W HOLLY ST,85009,Active,Northwest Homesites 2,1949,3,2,1458
232,699999,3615 N 15TH DR,85015,Active,WESTWOOD TERRACE,1950,3,2,1773
233,519000,1346 E CORONADO RD,85006,UCB (Under Contract-Backups),GOVERNOR SQUARE,1945,2,1,945
234,650000,2515 N 10TH ST,85006,Active,FOWLER TRACT LOTS 1-96,1940,3,3,1900
235,199750,1010 S 31ST AVE,85009,Active,BEG 461' N OF SE COR SE4 SW4 TH W 133' N 50' E 133' S 50' TO BEG EX E 33' .15 AC,1950,3,1,1782
236,450000,5234 W RIVIERA DR,85304,Active,MARLBOROUGH COUNTRY,1979,3,2,1649
237,350000,2706 W Lawrence LN,85051,Active,ALTA VISTA 8,1954,5,2,1924
238,610000,3218 E CAPTAIN DREYFUS AVE,85032,Active,CHOLLA PARK 2,1965,6,4,2200
239,475000,3726 W CROCUS DR,85053,Active,THUNDERBIRD VILLAGE UNIT 2,1973,3,2,1619
240,799950,3013 N 27TH ST,85016,Active,PHOENIX HOMESTEADS TRACT LOTS 1-40,1959,3,2,2407
241,340000,2527 N 49TH AVE,85035,Active,BRAEWOOD ESTATES NO. 3,1973,4,2,1330
242,335000,3318 W SELLS DR,85017,Active,LYNNHAVEN PLAT 2,1954,3,1.75,1404
243,515000,4225 W BEAUTIFUL LN,85339,Active,ARTESA,2014,4,2.5,2522
244,475000,5025 W DESERT COVE AVE,85304,UCB (Under Contract-Backups),GREENBRIER UNIT 3,1974,3,2,1772
245,475000,11424 N 37TH AVE,85029,Active,KNOELL NORTH 5,1971,3,2,1590
246,799900,3115 E YUCCA ST,85028,Active,MELROSE PARADISE 1,1960,4,3,2053
247,355000,3834 W POLK ST,85009,Active,"REYNOLDS PARK 4 TO 7, A, B, C",1956,3,2,1476
248,415000,2232 W STATE AVE,85021,Active,NEW CASTLE HOMES 2A,1957,3,2,1694
249,429000,948 W 16TH ST,85281,Active,MARILYN ANN UNIT 2,1962,3,2,1280
250,435000,3911 W Desert Cove AVE,85029,Active,Marlborough Country Metro Unit 1,1978,3,2,1338
251,300000,3540 W CORONADO RD,85009,Active,MCDOWELL HOMESITES,1946,2,1,712
252,974900,3428 E CAMPBELL AVE,85018,Active,CASA MARBELLA AMD,1969,3,2,2038
253,385000,6131 N 36TH DR,85019,Active,BETHANY ROSE VILLA,1952,4,2,1781
254,440000,5734 W COOLIDGE ST,85031,Active,MARYVALE TERRACE 14A,1957,3,1.75,2106
255,395999,6914 W SIERRA VISTA DR,85303,Active,BRIGHTON MANOR,1986,3,2,1434
256,925000,309 E HAYWARD AVE,85020,Active,PALM HEIGHTS 3,1950,4,4,2290
257,505000,2441 E ALTA VISTA RD,85042,Active,ARBORS,2019,3,2,1741
258,340000,4545 N 67TH AVE 1205,85033,Active,VILLAGE AT WEST MEADOW 1 REPLAT,2000,2,2,919
259,411000,4050 W GOLDEN LN,85051,Active,NEWCASTLE HOMES 5,1962,4,2,1530
260,525000,5133 W HEARN RD,85306,Active,DEERVIEW UNIT 15,1972,4,3,2332
261,369900,7913 W TUCKEY LN,85303,Active,CHAPARRAL COUNTRY AMD,1986,3,2,1242
262,379000,7332 W WELDON AVE,85033,Active,COLLEGE PARK 21,1981,4,2,1552
263,698900,3030 E CHERYL DR,85028,Active,RAMSES 1,1971,3,2.5,2093
264,485000,315 W KELTON LN,85023,Active,MOONLIGHT GLEN 2,1995,3,2,1370
265,399800,4952 W PIERSON ST,85031,Active,MARYVALE TERRACE 2B LOTS 787-951,1955,3,2,1336
266,445000,3730 W MERCER LN,85029,Active,SUNSET NORTH,1970,4,2,2485
267,985000,3526 E HAZELWOOD ST,85018,Active,CHESTLEY TERRACE,1952,5,2,2548
268,755000,4840 E BLANCHE DR,85254,Active,LIBERTY SQUARE 2,1984,3,2,1716
269,689000,5807 N 18TH ST,85016,Active,Wrigley Terrace Beverly Park,1953,3,2,1670
270,729000,13823 N 19TH ST,85022,Active,CAVE CREEK UNIT 3,1987,4,3,2527
271,375000,2816 W MARSHALL AVE,85017,Active,MARYVALE PARK 2,1953,3,1.5,1689
272,440000,5225 W ODEUM LN,85043,UCB (Under Contract-Backups),RIVERBEND 1 UNIT A,2007,4,2,1949
273,375000,2006 W MONTE VISTA RD,85009,Active,VENICE,1941,3,1,1190
274,879000,5618 E EDGEMONT AVE,85257,Active,FAIRWAY PARK,1956,3,2,2090
275,375000,3531 W PIERSON ST,85019,Active,WINTON HTS,1956,4,2,1662
276,430000,2232 W SAN MIGUEL AVE,85015,UCB (Under Contract-Backups),BETHANY VILLA 1,1954,3,2,1500
277,699900,128 W ALMERIA RD,85003,UCB (Under Contract-Backups),NORTH CHELSEA,1926,2,2,1383
278,735000,7846 E BELLEVIEW ST,85257,Active,MCDOWELL PARKWAY,1958,3,2,1589
279,455000,120 W HELENA DR,85023,Active,BELLVUE,1995,3,2,1312
280,895000,1129 W ORANGEWOOD AVE,85021,Active,MEADOWLARK PALMS LOT 1-56,1963,4,3,2220
281,575000,1510 W YUCCA ST,85029,Active,Saddle Rock Hills,1952,3,2,1942
282,355000,5102 W AVALON DR,85031,Active,MARYVALE TERRACE 19 LTS 6441-6445 & TR A,1956,4,2,1695
283,989000,1111 W BETHANY HOME RD,85013,Active,SUNVIEW ESTATES 2,1949,4,3.5,2200
284,849900,3302 E VOGEL AVE,85028,Active,SIERRA BONITA,1974,5,3,2744
285,749800,2216 E Sahuaro DR,85028,Active,DESERT VISTA UNIT 5 AMD,2004,3,2,2136
286,315000,4131 N 30TH AVE,85017,Active,MISSION MANOR 2,1951,2,1,852
287,425000,3619 W GELDING DR,85053,Active,DEERVIEW UNIT 8,1971,3,2,1448
288,838000,526 N 74TH ST,85257,Active,NEW PAPAGO PARKWAY 13 LOTS 779-912 & TR J,2020,4,2,2089
289,499000,2339 E MONTECITO AVE,85016,Active,CAVALIER VILLA 1,1953,3,2,1272
290,695000,2917 N 8TH AVE,85013,Active,COLLEGE ADDITION,1941,3,3,1708
291,360000,6813 N 36TH DR,85019,Active,WEST PLAZA 9 LOT 1249-1410,1959,3,2,1290
292,459900,3861 W CARIBBEAN LN,85053,Active,VALLEY VILLA,1972,4,3,1652
293,925000,4308 E PINCHOT AVE,85018,Active,RANCHO VENTURA TR 16,1953,4,2.75,2415
294,549999,3541 E CHEERY LYNN RD,85018,Active,PARK VISTA,1950,3,2,1370
295,239000,17227 N 16TH DR 12,85023,Active,PERSIAN GARDENS AMD,1982,2,2,980
296,529900,3456 E LUDLOW DR,85032,Active,PARADISE VALLEY OASIS NO 2-A EAST,1969,3,2,1240
297,520000,3236 W SAINT ANNE AVE,85041,UCB (Under Contract-Backups),SOUTHERN VIEWS,2005,5,2.5,3237
298,675000,407 E SUSAN LN,85281,Active,MARLBOROUGH PARK ESTATES,1982,3,2.5,2107
299,750000,6725 E CORONADO RD,85257,Active,VILLAGE GROVE 2,1957,3,2,1853
300,349900,3129 W PIERCE ST,85009,Active,WESTMANOR HOMES LOTS 1-154,1947,3,2,1240
301,439999,1805 E BRILL ST,85006,Active,BRENTWOOD BLKS 2 THROUGH 5 AND 9 THROUGH 12,1944,3,2,1672
302,499997,7015 S 45TH AVE,85339,Active,ROGERS RANCH UNIT 4,2005,5,2.5,2236
303,720000,1819 E MINNEZONA AVE,85016,Active,HIGHLAND ESTATES,1955,4,2,2514
304,499000,2014 N 16th AVE,85007,Active,FAIRVIEW PLACE,1931,3,1,716
305,965000,2858 E BERYL AVE,85028,Active,PARADISE VIEW 1,1964,5,3.5,2694
306,334500,6 S 30TH DR,85009,UCB (Under Contract-Backups),WESTLAND HOMESITES,1948,3,2,2461
307,649500,7629 E VERDE LN,85251,Active,CAVALIER VISTA 1,1957,4,2,1410
308,385000,4840 W MULBERRY DR,85031,Active,"MARYVALE TERRACE 12 LTS 5002-5014, TR B",1958,5,2,1977
309,435000,14248 N 35TH ST,85032,Active,PARADISE VALLEY OASIS NO. 10,1979,3,2,1364
310,569900,13250 N 11TH AVE,85029,Active,MOONRIDGE ESTATES,1972,3,2,1610
311,895000,3232 W NORTHVIEW AVE,85051,Active,"NORTHVIEW ACRES 2 31-50, 71-90, 122-156",2002,5,3.5,3029
312,690000,13847 N CANTERBURY DR,85023,Active,MOON VALLEY 2,1971,4,2,2182
313,474999,1918 W GRANADA RD,85009,UCB (Under Contract-Backups),VILLA VERDE PLAT A BLOCKS 1 & 2,1928,3,1.5,1178
314,369900,9626 N 1ST ST,85020,Active,UPSHAW DESERT HEIGHTS,1948,2,1,841
315,325000,2701 W GRISWOLD RD,85051,UCB (Under Contract-Backups),ALTA VISTA 1,1953,3,1,1454
316,910000,6719 E LEWIS AVE,85257,UCB (Under Contract-Backups),OAK PARK 2,1956,4,3,2115
317,434900,2938 W SAN JUAN AVE,85017,Active,"MARYVALE PARK 2 AMD LOTS 243-415, & TR C",1952,4,2,1977
318,499000,13416 N 30TH ST,85032,Active,VIEW PARADISE,1979,3,2,1498
319,405000,3131 W MARYLAND AVE,85017,UCB (Under Contract-Backups),WEST PLAZA 6 LOT 614-787,1958,3,1.75,1636
320,394900,5840 W HIGHLAND AVE,85031,Active,MARYVALE TERRACE 16 AMD LOTS 3150-3276,1957,5,2,1758
321,525000,6116 S 33RD DR,85041,Active,SOUTHERN VIEWS,2005,4,3.5,3770
322,405000,1234 E BARBARA DR,85281,UCB (Under Contract-Backups),MY-O-MY ESTATES 2,1970,3,2,1433
323,490000,1650 E JUNIPER AVE,85022,Active,NORTHERN HILLS AMD,1960,4,2,1526
324,369900,6407 W ENCANTO BLVD,85035,UCB (Under Contract-Backups),MARYVALE TERRACE NO. 44 AMD,1972,4,2,1280
325,529900,2535 W BEVERLY RD,85041,Active,SILVA MOUNTAIN UNIT 1,2009,4,3,2326
326,475000,2824 W HUNTINGTON DR,85041,Active,BARCELONA,2017,4,2,2226
327,320000,7005 W ROOSEVELT ST,85043,UCB (Under Contract-Backups),WESTRIDGE PARK UNIT 2,1982,4,1,1008
328,425000,3701 W EVANS DR,85053,Active,THUNDERBIRD VILLAGE 3,1974,4,2,1504
329,491000,5729 N 71ST DR,85303,Active,BETHANY RANCH,2019,3,2,1895
330,440000,2917 W CYPRESS ST,85009,Active,FRANKLIN VILLAGE PLAT B,2019,4,3,1942
331,440000,7245 W SUNNYSLOPE LN,85345,Active,PARK VIEW WEST UNIT 4,1989,3,2,1287
332,397900,3016 N 61ST AVE,85033,Active,"MARYVALE TERRACE 24 9306-9390, TR A",1960,4,2,1658
333,404000,3140 W DIANA AVE,85051,Active,SUNSET VILLAGE,1971,3,2,1308
334,475000,1411 E FREMONT RD,85042,Active,SOUTH POINT,1987,5,2,1927
335,550000,3428 E ACOMA DR,85032,Active,PARADISE VALLEY OASIS NO. 10,1978,3,2,1720
336,325000,2708 E ROOSEVELT ST,85008,UCB (Under Contract-Backups),DEL REY LOTS 21-58 & LOT 99,1937,4,1.5,1706
337,520000,3858 E DAHLIA DR,85032,Active,PLEASANT VALLEY ESTATES 2,1978,3,2,1593
338,450000,2107 W SAN JUAN AVE,85015,UCB (Under Contract-Backups),BETHANY VILLA 1,1953,4,3,2096
339,439000,2437 E MARMORA ST,85032,UCB (Under Contract-Backups),CACTUS GARDENS 5,1969,3,2,1414
340,450000,2049 W JOAN DE ARC AVE,85029,Active,MOON VALLEY GARDENS LOTS 377-392 & TR A,1961,5,2,1750
341,417000,140 E DANBURY RD,85022,Active,CENTRAL PLACE NORTH,1984,2,2,1240
342,374999,2801 W RUTH AVE,85051,UCB (Under Contract-Backups),ALTA VISTA 5,1954,3,2,1176
343,430000,3735 W KARIBA DR,85051,UCB (Under Contract-Backups),MELROSE GARDENS NW UNIT 6 AMD,1971,3,2,1932
344,345000,1343 N 36TH DR,85009,UCB (Under Contract-Backups),WEST VIEW MANOR,1955,3,2,1368
345,309000,13658 N 20TH LN,85029,Active,Moon Valley Gardens 9,1974,3,2,1209
346,390000,1737 W PECAN RD,85041,UCB (Under Contract-Backups),VISTA GRANDE,1970,6,3,1932
347,445000,2230 N 78TH AVE,85035,Active,VINSANTO,2014,3,2,1656
348,350000,7412 S 37TH GLN,85041,Active,TRAILS AT AMBER RIDGE,2004,2,1,950
349,525000,7650 N 46TH DR,85301,UCB (Under Contract-Backups),GOLDEN PALMS ESTATES UNIT 3,1970,4,2,2878
350,380000,2939 E virginia AVE,85008,Active,EAST THOMAS ROAD TRACT 2,1947,2,1,1033
351,375000,6632 W JOHNSON ST,85043,Active,NORTHGLEN,2005,3,2.5,1609
352,575000,1733 W Pierson ST,85015,Active,Elm Acres,1989,3,2,1485
353,468000,3435 W SAINT KATERI DR,85041,UCB (Under Contract-Backups),SOUTHERN VIEWS,2017,4,3,2357
354,470000,4323 N 17TH AVE,85015,Active,BEL AIR BLK 10_& 11,1948,4,2,1626
355,445000,2805 W AUGUSTA AVE,85051,Active,BEVERLY ACRES,1975,4,2,1560
356,775000,5302 E THOMAS RD,85018,Active,SHERWOOD TOWNE TRACT A,1954,4,2,1554
357,345000,3348 W MORELAND ST,85009,Active,WESTCROFT PLACE PLAT 2,1951,3,2,1134
358,429500,6510 W POMO ST,85043,UCB (Under Contract-Backups),CYPRESS LANDING,2002,3,2,1587
359,374999,2337 W LUPINE AVE,85029,Active,VALLEY VISTA 3,1964,3,2,1285
360,490000,3712 W ALTADENA AVE,85029,Active,KNOELL NORTH UNIT 5,1971,3,2,1590
361,299000,1806 N 37TH DR,85009,Active,PALOMAR HOMES,1948,2,1,713
362,385000,7742 W NICOLET AVE,85303,Active,ORANGEWOOD ESTATES,2003,3,2,1546
363,900000,4401 N 19TH PL,85016,UCB (Under Contract-Backups),PETERS VIEW TRACT 2,1947,4,3.5,2556
364,462000,16421 N 34TH AVE,85053,Active,RANCHO ENCANTO UNIT 1,1978,3,2,1752
365,339900,2431 E PORTLAND ST,85008,Active,ELSINORE,1950,2,2,740
366,435000,7134 N 23RD DR,85021,Active,WEST HAVEN ADD.,1947,4,2,1719
367,720000,2520 E COOLIDGE ST,85016,UCB (Under Contract-Backups),CAVALIER CAMPUS,1955,3,2,1436
368,415000,1328 E CHRISTY DR,85020,Active,PALO VERDE HILLS,1961,3,2,1120
369,530000,3971 N 14TH PL,85014,Active,CLEVELAND SUB,1997,4,2,1578
370,750000,3102 N 35TH ST,85018,Active,PARK VISTA,1950,4,2,1688
371,650000,1115 E MCKINLEY ST,85006,Active,HOOPERS,1926,4,2,1840
372,355000,5825 S 17TH ST,85040,Active,"SOUTHERN VILLAGE LOTS 122-154, 181-201",1954,3,1,1040
373,460000,4601 W GOLDEN LN,85302,CCBS (Contract Contingent on Buyer Sale),Manzanita Manor 2,1979,4,2,2040
374,550000,2917 E OSBORN RD,85016,Active,MOUNTAIN VIEW PARK PLAT 2 BLKS 3-7,1972,5,3,2343
375,750000,4809 N 30TH PL,85016,UCB (Under Contract-Backups),BRENTWOOD ESTATES,1956,3,2,1412
376,345000,3601 W ENCANTO BLVD,85009,Active,ENCANTO NORTH,1958,4,2,1225
377,615000,3308 N 6TH AVE,85013,Active,PARK CENTRAL UNIT 1,1955,3,2,1414
378,455000,4845 W LAS PALMARITAS DR,85302,UCB (Under Contract-Backups),NORTHERN PALMS UNIT THREE,1974,4,1.75,2052
379,435000,3808 W ALICE AVE,85051,Active,WISHING WELL VILLAGE 3,1968,4,2,2088
380,450000,6906 S 14TH DR,85041,Active,MOUNTAIN VISTAS,2003,3,2,1317
381,365000,5608 W Gardenia AVE,85301,Active,CATLIN COURT,1991,3,1,1012
382,650000,1843 E TURNEY AVE,85016,Active,PETERS VIEW TRACT 2,1948,3,2,1722
383,399900,7912 W FLOWER ST,85033,Active,MARYVALE TERRACE 30 TR A,1963,3,2,2064
384,320000,3634 W CORONA AVE,85041,UCB (Under Contract-Backups),"INDEPENDENCE PARK 5 LOTS 184-217,219-222,224-232",1960,3,1,1150
385,440000,4018 W FREMONT RD,85041,UCB (Under Contract-Backups),ARLINGTON ESTATES PHASE 1,2002,4,2.5,1830
386,917700,1423 E TOWN AND COUNTRY LN,85014,Active,TOWN AND COUNTRY PLACE,2022,4,3,2322
387,277700,5009 W CAVALIER DR,85301,Active,GENEVIEVE PLACE,1951,3,2,968
388,325000,2917 W DUNLAP AVE,85051,UCB (Under Contract-Backups),ALTA VISTA 7,1955,3,2,1456
389,850000,5812 N 14TH AVE,85013,CCBS (Contract Contingent on Buyer Sale),SUNVIEW ESTATES 2,1951,4,2,1874
390,550000,202 E PIERCE ST,85281,Active,PAPAGO PARKWAY 6,1960,5,1.75,2283
391,870000,7761 E ROVEY AVE,85250,Active,CASA DEL MAR,1980,3,2,1689
392,399997,6121 N 36TH DR,85019,Active,BETHANY ROSE VILLA,1962,4,3,2127
393,349999,6805 W MARIPOSA ST,85033,Active,MARYVALE TERRACE 26 AMD LOTS 10369-10434 & TR A,1960,3,1.5,1020
394,775000,15227 N 6TH ST,85022,Active,CAMINO VERDE,1977,4,2,2354
395,949900,7708 E 3RD ST,85251,Active,PEACEFUL VALLEY 2,1957,3,2,1586
396,475000,6602 S 18TH LN,85041,Active,VINEYARD PARK,2002,4,2,1769
397,395000,6316 W CAVALIER DR,85301,Active,MARYVALE TERRACE 21 LTS 7803-7913 & TR A,1960,5,2,1760
398,599000,2012 W Clarendon AVE,85015,Active,WESTWOOD ESTATES PLAT 5,1952,3,2,936
399,379000,7716 W SAN JUAN AVE,85303,Active,WEST PLAZA 29 & 30 LOTS 263-343 AND TRACTS A-C,1990,3,2,1797
400,419900,2507 E VERDE LN,85016,Active,BILTMORE MANOR,1948,3,1,1218
401,425000,7114 N 72ND AVE,85303,Active,PARADISE VIEWS 2,2002,4,2,1729
402,429900,3634 W DENTON LN,85019,UCB (Under Contract-Backups),CEDAR CREST,1965,4,2,1742
403,319000,4727 N 50th AVE,85031,UCB (Under Contract-Backups),MARYVALE TERRACE,1956,3,1.75,1135
404,415000,2462 E MARGUERITE AVE,85040,UCB (Under Contract-Backups),BROADWAY ESTATES LOTS 137-158,2018,3,2,1596
405,395000,5009 S 24TH AVE,85041,UCB (Under Contract-Backups),WESTON PARK,2005,3,2,1900
406,575000,11404 N 50TH LN,85304,Active,ARTISAN AT CHOLLA,2017,3,2,1851
407,499900,2027 N 38TH PL,85008,UCB (Under Contract-Backups),PAPAGO VISTA AMD,1952,3,1.75,1569
408,699000,13264 N 15TH DR,85029,Active,MOON VALLEY GARDENS 3,1970,4,2,2428
409,775000,3751 E CLARENDON AVE,85018,Active,Suncrest Estates,1952,3,2,2120
410,525000,1708 S 5TH ST,85004,Active,COPE ADD BLKS 1-6,2020,3,2.5,2290
411,470000,4102 S 56TH AVE,85043,Active,RIVER BEND 2,2006,4,3,2405
412,370000,7020 W CATALINA DR,85033,UCB (Under Contract-Backups),MARYVALE TERRACE NO. 49,1982,3,2,1565
413,449900,2850 E PERSHING AVE,85032,UCB (Under Contract-Backups),CLEARVIEW 7A,1973,3,2,1066
414,377000,3938 W Mclellan BLVD,85019,UCB (Under Contract-Backups),West Plaza 12,1960,3,1.75,1276
415,415000,8503 W PIERSON ST,85037,Active,HORIZONS ON CAMELBACK UNIT 2,1996,4,2,1462
416,524900,10625 N 11TH PL,85020,Active,POINTE TAPATIO 3,1983,2,2,1602
417,239000,3714 E Polk ST,85008,Active,Gateway Park,1940,3,1,1336
418,750000,4307 E MONTECITO AVE,85018,UCB (Under Contract-Backups),ORANGE GROVE HEIGHTS,1955,3,2,1452
419,410000,4771 N 65TH DR,85033,Active,PARKSIDE UNIT 3,1974,4,2,1994
420,469000,2044 W MINNEZONA AVE,85015,Active,MELROSE ESTATES,1955,3,2,1619
421,405000,3635 N 57TH AVE,85031,Active,MARYVALE TERRACE 3 TR A,1956,4,2,1386
422,395000,5443 W WOLF ST,85031,Active,MARYVALE TERRACE 9 LOTS 3519-3628,1957,4,2,1704
423,438000,1102 E ORCHID LN,85020,Active,NEW NORTHTOWN,1958,3,2,1092
424,380000,2309 W SHAW BUTTE DR,85029,Active,VALLEY VISTA UNIT 4A,1967,3,2,1334
425,430000,7104 S 31ST DR,85041,UCB (Under Contract-Backups),LAVEEN VILLAGE AMD,2003,3,2,1759
426,499900,8228 N 9TH ST,85020,Active,SKYLINE VISTA,1954,3,2,1680
427,858900,8437 E BONNIE ROSE AVE,85250,UCB (Under Contract-Backups),PARK SCOTTSDALE 1-A,1964,4,2,2209
428,610000,3801 N 19TH ST,85016,Active,PATTERSON PLACE,1947,4,2,1508
429,599000,10257 N 53RD AVE,85302,CCBS (Contract Contingent on Buyer Sale),unknown,1985,4,3,2828
430,449000,6507 W CROWN KING RD,85043,Active,MEADOWS,2000,3,2,1621
431,420000,4721 W STATE AVE,85301,UCB (Under Contract-Backups),WEST PLAZA 27,1971,4,2,1964
432,379000,1801 W HIDALGO AVE,85041,Active,VISTA GRANDE,1970,3,2,1300
433,699000,13619 N 29th PL,85032,UCB (Under Contract-Backups),View Paradise,1974,4,3,2150
434,380000,7010 W PURDUE AVE,85345,UCB (Under Contract-Backups),PARKVIEW WEST UNIT 7,1984,3,1.75,1288
435,410000,9807 N 50TH DR,85302,Active,GREENBRIER UNIT 5 LOT 291-371,1977,3,2,1884
436,412000,4617 E HOLLY ST,85008,UCB (Under Contract-Backups),BAR C RANCH,1955,2,1,1014.5
437,725000,1022 E HARMONT DR,85020,Active,EL DOMINGO RANCHOS PLAT OF CORR.,1958,3,2,2030
438,355000,5432 W CHEERY LYNN RD,85031,Active,MARYVALE TERRACE 19 LTS 6441-6445 & TR A,1959,3,2,1320
439,715000,4201 W ACOMA DR,85053,Active,GLENAIRE UNIT 4,1974,4,2,2725
440,419800,6720 N 81ST AVE,85303,UCB (Under Contract-Backups),CHAPARRAL COUNTRY AMD,1986,3,2,1473
441,250000,1629 W TAYLOR ST,85007,Active,EAST OAKLAND,1936,2,1,944
442,350000,2149 E CORONA AVE,85040,UCB (Under Contract-Backups),EAST BROADWAY ADD,1950,4,2,2013
443,379999,3614 W MARYLAND AVE,85019,Active,WEST PLAZA 9 LOT 1249-1410,1959,4,2,1710
444,650000,449 W CHEERY LYNN RD,85013,Active,PARK CENTRAL UNIT 1,1954,4,3,2034
445,455000,2825 E PUEBLO AVE,85040,Active,"CAREFREE HOMES BLK 2, 3",2021,5,2,1996
446,999900,3217 E FLOWER ST,85018,Active,VALENCIA ACRES,1962,4,3.5,2318
447,381000,6635 W CLEVELAND ST,85043,Active,NORTHGLEN,2004,4,4,1598
448,599000,930 E TAYLOR ST,85006,Active,"MT PLEASANT TRACT BLOCKS 1, 6",1935,3,2,1051
449,450000,3635 E BEVERLY LN,85032,UCB (Under Contract-Backups),MONTCLAIR TERRACE 2,1974,3,2,1322
450,579999,13432 N 20th ST,85022,UCB (Under Contract-Backups),Montclair Hills,1978,4,2.5,2460
451,519000,1238 E VIRGINIA AVE,85006,UCB (Under Contract-Backups),South Country Club Manor,1950,4,2,1398
452,619000,1209 E EDGEMONT AVE,85006,UCB (Under Contract-Backups),SOUTH COUNTRY CLUB MANOR,1945,4,2,1987
453,374995,5015 W Vernon AVE,85035,UCB (Under Contract-Backups),BRAEWOOD ESTATES NO. 4 AMD,1975,4,2,1750
454,799999,516 W Vermont AVE,85013,Active,Orangewood Estates,1947,3,3,2000
455,369900,3614 W PORTLAND ST,85009,UCB (Under Contract-Backups),WEST PHOENIX NO 4,1955,3,2,1216
456,390000,5307 W CAMELBACK RD,85031,UCB (Under Contract-Backups),MARYVALE TERRACE 9 LOTS 3519-3628,1957,4,2,1940
457,475000,3149 E CORRINE DR,85032,Active,PARADISE VALLEY WEST NO 2 AMD,1971,4,2,1653
458,675000,6812 E EDGEMONT AVE,85257,Active,INMAR TERRACE,1955,3,2,1594
459,499900,2926 W KOWALSKY LN,85041,Active,BARCELONA,2017,4,2,1916
460,479500,2716 E BRANHAM LN,85042,UCB (Under Contract-Backups),GROVES AT SOUTH MOUNTAIN,1999,3,2,1528
461,549000,1725 E CATALINA DR,85016,UCB (Under Contract-Backups),GARDENDALE ADD.,1949,3,2,2273
462,409000,3525 W DIANA AVE,85051,Active,SUNSET GARDENS,1964,4,2,1722
463,375000,4237 N 31ST DR,85017,UCB (Under Contract-Backups),JUNE GARDENS,1958,3,1.75,2028
464,498000,6231 S 19TH DR,85041,Active,SOUTHERN PARK,2005,3,2,1651
465,535000,6410 S 50TH DR,85339,Active,ROGERS RANCH UNIT 5,2014,4,2.5,2992
466,450000,7518 S 43RD DR,85339,Active,COUNTRY GLEN,2003,4,2.5,2099
467,499000,7611 S 15TH ST,85042,Active,CASITAS GRANDE AT SOUTH MOUNTAIN,2013,4,2.5,1976
468,899000,13014 N SURREY CIR,85029,Active,MOONRIDGE ESTATES,1969,3,2,1884
469,600000,6908 E LATHAM ST,85257,Active,PAPAGO PARKWAY 4,1959,4,2,2018
470,680000,126 E NORTHERN AVE,85020,Active,MELROSE GROVES UNIT 1 LOTS 1-27,1956,3,2,1943
471,455000,1823 E YALE ST,85006,UCB (Under Contract-Backups),GREENFIELD ACRES TRACT 2,1925,3,2,1638
472,390000,3825 W BROWN ST,85051,UCB (Under Contract-Backups),MELROSE GARDENS NW UNIT 6 AMD,1971,3,1.75,1508
473,499999,4819 W Royal Palm RD,85302,UCB (Under Contract-Backups),NORTHERN PALMS UNIT 3,1974,4,2.5,2992
474,420000,2801 W HEARN RD,85053,UCB (Under Contract-Backups),KNOELL ROYAL OAKS UNIT 7 LOT 1061-1145,1978,3,2,1870
475,510000,4327 W CORRINE DR,85304,Active,NEWCASTLE ESTATES UNIT TWO,1979,3,2,1977
476,392000,4349 W Morten AVE,85301,Active,Glen Acres,1955,3,2,1489
477,999999,5612 E VOLTAIRE AVE,85254,UCB (Under Contract-Backups),HEATHERWOOD UNIT 1,1975,5,3.5,3545
478,415000,7811 W OREGON AVE,85303,Active,MEADOWS 2,1973,4,1,1492
479,463000,2801 W STATE AVE,85051,UCB (Under Contract-Backups),ORANGEWOOD LYNI,1980,3,2,1768
480,324990,7416 W Palm LN,85035,UCB (Under Contract-Backups),Maryvale Terrace 47,1975,3,2,1064
481,498700,4117 W SAN JUAN AVE,85019,Active,WEST PLAZA 21,1968,4,3.5,2320
482,419900,7772 N 58TH DR,85301,UCB (Under Contract-Backups),PALM TERRACE,2004,3,2,1092
483,524900,12815 N 22ND PL,85022,Active,"CACTUS BLK 6, 7, 8",1956,3,2,1728
484,455000,3851 N 49TH AVE,85031,Active,MARYVALE TERRACE 10,1956,5,3,1941
485,344900,6233 S 18TH AVE,85041,UCB (Under Contract-Backups),VISTA GRANDE UNIT 2,1971,4,2,1401
486,354900,3205 W MARIPOSA ST,85017,UCB (Under Contract-Backups),NORTHWEST VILLAGE 5,1955,3,1.5,1591
487,699900,4501 N 82ND ST,85251,UCB (Under Contract-Backups),SCOTTSDALE COUNTRY ACRES,1960,3,2,1560
488,699300,6704 N 14TH ST N,85014,Active,HOPI VISTA 1,1949,3,2,1432
489,475000,2123 W SURREY AVE,85029,Active,MOON VALLEY GARDENS LOTS 377-392 & TR A,1965,3,2,1940
490,695000,1238 E EUGIE AVE,85022,UCB (Under Contract-Backups),MAJESTIC HILLS,1998,3,2.5,2697
491,890000,11228 N 44TH PL,85028,Active,DESERT GARDENS,1974,4,2,2256
492,295375,4825 S 6TH ST,85040,UCB (Under Contract-Backups),FISHER HOMES,1958,3,1,918
493,849988,3624 N 39TH ST,85018,Active,SUNCREST MANOR LOT 33-45,1954,3,2.5,1609
494,625000,6142 N 16TH AVE,85015,UCB (Under Contract-Backups),HOFFMANTOWN,1951,3,2,1279
495,350000,2927 W EL CAMINITO DR,85051,UCB (Under Contract-Backups),ALTA VISTA 3,1953,3,1.5,1116
496,625000,7831 E LOMA LAND DR,85257,Active,MCDOWELL PARKWAY,1958,3,2,1356
497,360000,7213 W SAN JUAN AVE,85303,UCB (Under Contract-Backups),SKYVIEW WEST UNIT THREE,1976,2,1,1482
498,399900,6022 N 68TH DR,85303,UCB (Under Contract-Backups),FIRESIDE VILLAS,2006,4,2,1872
499,775000,2248 E CHRISTY DR,85028,UCB (Under Contract-Backups),DESERT VISTA UNIT 5 AMD,1976,3,2,2186
500,380000,2055 N 77TH LN,85035,Active,VINSANTO,2016,3,3.5,1661
501,899000,3336 E EARLL DR,85018,Active,SUNRAY ESTATES,1960,4,3,2500
502,545000,5610 S 57TH GLN,85339,Active,RIVERWALK VILLAGES PHASE 3 REPLAT,2015,3,2,1776
503,699900,13221 N VICTOR HUGO AVE,85032,Active,CHATEAU THIERRY,1962,4,3,2232
504,354900,7737 W Weldon AVE,85033,Active,MARYVALE TERRACE 28,1961,3,2,1200
505,675000,6219 N 9TH PL,85014,UCB (Under Contract-Backups),BETTYJOE PLACE,1951,3,2,1702
506,380001,7780 N 55TH DR,85301,Active,PALM TERRACE,2003,3,2,1237
507,925000,11034 N 36TH ST,85028,Active,DESERT PARADISE,1970,4,2,3030
508,349900,326 N 17TH DR,85007,Active,OAKLAND,1915,5,4,2000
509,529900,1101 E MCKELLIPS RD,85281,UCB (Under Contract-Backups),PAPAGO GARDENS 1-A,1966,4,2,1428
510,450000,2834 W SUNLAND AVE,85041,UCB (Under Contract-Backups),BARCELONA,2006,4,2,1810
511,449900,3808 W EVA ST,85051,Active,LOT 6 PARKWOOD SUBDIVISION UNIT NO. 4 MCR 011603,1969,3,2,1622
512,479000,3531 W PERSHING AVE,85029,Active,Cheyenne Village,1980,4,2,2022
513,399000,1609 S 6TH ST,85004,Active,COPE ADD BLKS 1-6,2021,3,2,1139
514,765000,3131 N 81ST PL,85251,Active,Trail West,1968,3,2,1747
515,395000,2213 S 65TH DR,85043,Active,ARIZONA MEADOWS 2 AT TERRALEA,2003,3,2,1285
516,723000,7509 E Hubbell ST,85257,Active,SCOTTSDALE ESTATES,1957,4,2,1659
517,499900,5415 W PECAN RD,85339,Active,RIVER WALK VILLAGES PHASE 2B,2006,4,3,2462
518,525000,1622 N 16TH AVE,85007,UCB (Under Contract-Backups),FAIRVIEW PLACE BLKS 5-8,1938,3,1.75,1234
519,399900,15427 N 37TH LN,85053,Active,COURTLAND VILLAGE 2 LOT 1-149 TR A-F,1989,3,2,1178
520,465000,634 E CLARENDON AVE,85012,Active,THOMAS PLACE,1940,3,1,1122
521,975000,3208 N 81ST PL,85251,Active,TRAIL WEST 3,1965,3,2,1543
522,374999,4242 W TOWNLEY AVE,85051,UCB (Under Contract-Backups),NEWCASTLE HOMES UNIT 6,1966,3,2,1423
523,495000,4929 W ACOMA DR,85306,Active,Walnut Ridge,1984,4,2,2055
524,550000,5338 E HEARN RD,85254,Active,NORMA ESTATES,1977,3,2,1362
525,440000,7024 N 77TH DR,85303,Active,DESERT GLEN ESTATES,2002,3,2.5,1866
526,375000,4102 W CACTUS RD,85029,Active,CACTUS PARK 1,1995,3,2,1530
527,360000,2540 W ROVEEN AVE,85029,Active,MELROSE PARK ESTATES,1978,3,2,1768
528,375000,13005 N 19TH AVE,85029,Active,MOON VALLEY GARDENS 5,1971,4,1.75,1740
529,530000,1113 E STATE AVE,85020,UCB (Under Contract-Backups),LOMA VISTA TERRACE,2017,2,2,1360
530,510000,7230 N 72ND AVE,85303,Active,PARADISE VIEWS 2,2001,4,2.5,2456
531,410000,6405 W DIANA AVE,85302,UCB (Under Contract-Backups),TARRINGTON PLACE,2006,3,2.5,1862
532,890718,6433 N 17TH ST,85016,Active,MADISON SQUARE,2021,4,3,2245
533,450000,2303 W MARSHALL AVE,85015,Active,BETHANY HOMES PLAT 2,1954,4,3,2177
534,499900,1618 W TAYLOR ST,85007,UCB (Under Contract-Backups),EAST OAKLAND,1934,3,2,1130
535,275000,2805 E TAMARISK AVE,85040,UCB (Under Contract-Backups),Metes & Bounds,1945,2,1,618
536,891000,5426 E PIPING ROCK RD,85254,Active,LAS COLONIAS,1986,3,2,2505
537,335000,4436 S 19TH ST,85040,Active,CARLOTTA PLACE,1947,3,2,909
538,589000,15237 N 20TH PL,85022,UCB (Under Contract-Backups),LOOKOUT MOUNTAIN VIEWS 1,1978,3,2,1474
539,650000,901 E ROSE LN,85014,Active,BETHANY ESTATES,1954,3,3,1714
540,450000,2335 N 28TH ST,85008,Active,EAST THOMAS ROAD TRACT 3,1947,3,2,1326
541,612000,4614 E MONTE VISTA RD,85008,UCB (Under Contract-Backups),LINDON PARK,1954,4,2.5,2045
542,325000,3502 W Willow AVE,85029,Active,Cheyenne Village,1983,3,2,1377
543,520000,2324 W MONTE CRISTO AVE,85023,UCB (Under Contract-Backups),PONDEROSA HOMES NORTH UNIT 3,1975,4,1.75,1845
544,495000,1915 E INDIANOLA AVE,85016,Active,PATTERSON PLACE,1945,2,1,1247
545,699000,13021 N 41 PL,85032,UCB (Under Contract-Backups),PARADISE VALLEY OASIS,1976,3,2,1589
546,400000,3536 W MARLETTE AVE,85019,Active,"WEST PLAZA 8 LOT 971-1004, 1051-1185",1959,3,2,2122
547,405000,5814 W ALICE AVE,85302,UCB (Under Contract-Backups),RANDOLPH RANCH,1998,3,2,1373
548,465000,3207 W Holly ST,85009,Active,Northwest Homesites,1940,4,2,2126
549,799000,1731 E VERDE LN,85016,Active,GARDENDALE ADD.,1945,3,2,1750
550,359000,14840 N 31ST DR,85053,Active,COUNTRY GABLES,1961,3,2,959
551,660000,1757 W SUNLAND AVE,85041,UCB (Under Contract-Backups),VISTA GRANDE,1970,12,6,3604
552,335000,4901 W Evans DR,85306,UCB (Under Contract-Backups),The Cove at Thunderbird,1984,2,2,1195
553,415000,2019 W LUKE AVE,85015,Active,BETHANY VILLA 3,1953,3,2,1650
554,615000,13824 N 52ND AVE,85306,Active,DEERVIEW UNIT 25,1978,3,2,1852
555,549000,3344 N 6TH AVE,85013,Active,PARK CENTRAL UNIT 1,1955,3,2,1406
556,365000,4337 N 70TH AVE,85033,Active,HEATHER HEIGHTS,1973,4,2,1300
557,369900,3649 W TOWNLEY AVE,85051,UCB (Under Contract-Backups),WISHING WELL VILLAGE 2,1961,4,1.75,1729
558,589000,1009 E MANZANITA DR,85020,Active,EL DOMINGO RANCHOS PLAT OF CORR.,1958,3,2,1619
559,480000,6311 W DESERT HILLS DR,85304,Active,WEST BLUFF,1981,3,2,1715
560,714900,8001 N 6TH ST,85020,Active,NORTHRIDGE ESTATES,1962,4,2.5,1944
561,540000,7708 S 36TH WAY,85042,UCB (Under Contract-Backups),ESTATES AT SOUTH MOUNTAIN,2016,3,2.5,2141
562,535000,3126 W BECK LN,85053,UCB (Under Contract-Backups),ESTRELLA NORTHWEST 1,1979,3,2,2274
563,460000,2154 W MULBERRY DR,85015,Active,WESTWOOD ESTATES 1,1948,3,2,1635
564,329900,5513 W LA REATA AVE,85035,Active,SKYVIEW NORTH UNIT 2,1972,3,2,1308
565,429900,1749 E Saint Charles AVE,85042,Active,CITRUS HILLS UNIT 1,1986,3,2,1454
566,355000,2005 N 23RD PL,85006,Active,WEST VEL RU,1950,3,1,1125
567,389900,809 N 8TH AVE,85007,UCB (Under Contract-Backups),KENSINGTON PLACE,1916,3,2,1340
568,513000,10014 N 9TH AVE,85021,UCB (Under Contract-Backups),IRONWOOD PLACE,2018,3,2,1450
569,310000,4547 W MITCHELL DR,85031,UCB (Under Contract-Backups),SIESTA VILLAGE 3,1955,3,2,1331
570,385000,4202 N 72ND LN,85033,Active,MARYVALE TERRACE NO. 43,1972,4,3,1600
571,550000,3114 W LYNNE LN,85041,UCB (Under Contract-Backups),SOUTHERN VIEWS,2005,4,3.5,3770
572,300000,4548 N 48TH DR,85031,Active,MARYVALE TERRACE 2B LOTS 787-951,1955,3,2,1440
573,388000,2808 W LAWRENCE RD,85017,UCB (Under Contract-Backups),OCOTILLO PARK,1962,3,1.5,1540
574,459000,6801 W NICOLET AVE,85303,Active,SUMMERFIELD PLACE 4,2004,4,2,1847
575,875000,7805 N 78TH ST,85258,UCB (Under Contract-Backups),MERIDIAN ON MCCORMICK RANCH,1993,3,2,2062
576,660000,4028 E AVALON DR,85018,UCB (Under Contract-Backups),RANCHO VENTURA TR 11,1952,3,2,1374
577,430000,2322 E TAYLOR ST SE,85006,Active,AURORA PLACE,2022,3,2,1500
578,265000,1607 N 61ST DR,85035,UCB (Under Contract-Backups),MARYVALE TERRACE NO. 45,1973,3,1.75,1552
579,185000,2146 W MONROE ST,85009,UCB (Under Contract-Backups),CAPITOL ADDITION BLOCKS 43 & 44 35-38 29 & 30,1912,2,1,949
580,630000,2101 N NORMAL AVE,85281,UCB (Under Contract-Backups),PAPAGO MANOR SUBDIVISION,1962,3,2,1513
581,409900,4047 N 79TH AVE,85033,Active,Maryvale Terrace,1962,5,2,2237
582,770000,1459 N El Camino DR,85281,Active,Marlborough Park Estates,1980,4,3,2444
583,424900,3932 W GLENN DR,85051,Active,MELROSE SHADOWS,1960,4,2,1589
584,578000,902 E FAIRMOUNT AVE,85014,Active,CAMPBELL ADDITION,1943,2,2,1200
585,469900,3417 E EVERETT DR,85032,Active,PARADISE VALLEY OASIS NO. 10,1979,3,2,1643
586,709000,8509 S 22ND DR,85041,Active,SILVA MOUNTAIN UNIT 3 PARCEL 9,2021,4,3,2878
587,675000,4106 W VINEYARD RD,85041,Active,ARLINGTON ESTATES PHASE 2,2002,4,3,3159
588,499000,14435 N 20TH ST,85022,UCB (Under Contract-Backups),CAVE CREEK UNIT 2,1986,3,2,1593
589,515000,4821 W MALDONADO RD,85339,Active,ROGERS RANCH UNIT 1,2006,3,2,2225
590,489000,2027 E MONTE VISTA RD,85006,Active,JACKSON VILLA LOTS 1-27,1950,4,3,1732
591,824000,426 E Carol Ann WAY,85022,Active,Sandahl Homes Unit 1,1979,4,3,2432
592,650000,1018 S 4TH AVE,85003,Active,"MONTGOMERY ADD AMD BLKS 75, 83, 84, 91, 99-102",1986,7,4,3629
593,455000,3718 W PUGET AVE,85051,Active,WISHING WELL VILLAGE 2 LOTS 137-172,2002,3,2,1791
594,505000,3634 E SOPHIE LN,85042,Active,ESTATES AT SOUTH MOUNTAIN,2016,3,3,1851
595,829000,14820 N SKOKIE CT,85022,Active,MOON VALLEY 2,1973,3,2,2511
596,374000,11648 N 21ST DR,85029,Active,VALLEY VISTA,1961,3,2,1500
597,445000,8318 N 61st DR,85302,UCB (Under Contract-Backups),Executive Palms,1996,3,2,1775
598,775000,7023 N VIA NUEVA --,85258,UCB (Under Contract-Backups),PASEO VILLAGE AMD,1975,3,2,1941
599,799000,2502 E WHITTON AVE,85016,Active,KELTON MANORS,1950,3,3,2056
600,805000,4320 E PINCHOT AVE,85018,UCB (Under Contract-Backups),RANCHO VENTURA TR 16,1953,3,2,1436
601,999000,7055 E WILLETTA ST,85257,Active,PAPAGO PARKWAY,1958,4,2,2029
602,521000,3839 S 26TH ST,85040,Active,SOUTHSIDE HOMESITES,2020,4,2,2031
603,447000,1847 E ENCINAS LN,85040,UCB (Under Contract-Backups),"BELMONT PARK BLKS 1, 3 & 5",1950,4,3,2559
604,549000,8050 N 11TH PL,85020,UCB (Under Contract-Backups),HACIENDA DEL CABALLERO,1954,4,2,1900
605,405000,4023 W LOMA LN,85051,Active,NORTHERN GROVES,1975,4,2,1927
606,437000,4819 W PALM LN,85035,Active,WEDGEWOOD PARK UNIT 7,1971,4,2,2247
607,561000,606 N 14TH ST,85006,Active,YAGGY TRACT,1930,3,2,1054
608,440000,10003 N 66TH DR,85302,Active,CHAPARRAL RANCH PATIO HOMES 3,1986,3,2,1273
609,490000,530 W 17TH ST,85281,Active,CAMPUS HOMES,1954,3,1,1520
610,995000,2930 E Turney AVE,85016,Active,Citrus Heights,1976,3,2,1433
611,399900,7003 W PALO VERDE AVE,85345,Active,PARKVIEW WEST UNIT 7,1985,3,1.75,1288
612,289900,1030 N 28TH ST,85008,Active,ELBURN,1952,2,1,748
613,995000,133 W SURREY AVE,85029,UCB (Under Contract-Backups),HERITAGE HIGHLANDS 2,1980,4,2,2584
614,814444,101 W BECK LN,85023,Active,PUERTA VIEJA 1,1976,5,2,2509
615,500000,2439 E ASTER DR,85032,Active,CLEARVIEW 5,1971,3,2,1698
616,729900,1743 E VOGEL AVE,85020,Active,OCOTILLO HILLS 8,1977,4,3,2300
617,799995,1501 W Willetta ST,85007,Active,FQ STORY ADDITION PLAT E,1946,3,3,1748
618,390000,1921 W ORANGEWOOD AVE,85021,Active,NEW CASTLE HOMES 3,1959,3,2,1429
619,550000,942 W PARKWAY BLVD,85281,Active,PARKWAY MANOR 2,1963,4,1.5,1684
620,525000,836 W WHITTON AVE,85013,Active,NORTH PARK CENTRAL UNIT 1,1951,3,1.5,1580
621,477000,5821 S 27TH LN,85041,Active,BARCELONA,2016,5,3,2315
622,739900,747 E ACOMA DR,85022,Active,MOON VALLEY VISTA 2 LOT 1-5,1988,4,2,2274
623,750000,15834 N 6TH PL,85022,Active,SANDAHL HOMES,1981,4,2,2640
624,358500,2348 N 56TH AVE,85035,UCB (Under Contract-Backups),HOMESTEAD TERRACE 6,1969,3,2,1260
625,430000,7990 W SOLANO DR N,85303,UCB (Under Contract-Backups),BETHANY POINT,1999,2,2,1287
626,525000,8419 N 58TH DR,85302,Active,THUNDERBIRD ESTATES LOTS 53-170,1973,4,2,2023
627,660000,1502 E WILLETTA ST,85006,Active,KENWOOD TRACTS A & B,1944,4,3,1501
628,450000,5923 W GARDEN DR,85304,UCB (Under Contract-Backups),OAKHOLLOW LOTS 1-209 & TR A,1988,3,2,1719
629,604000,9112 S 15TH WAY,85042,Active,MONTANA VISTA ESTATES,2014,3,2,2214
630,521000,7106 S 19TH DR,85041,Active,VENETO,2014,3,3,2235
631,505000,3628 W BROWN ST,85051,Active,CAVALIER FREEWAY NORTH UNIT 2,1970,4,2,2003
632,429000,4402 W GELDING DR,85306,Active,GOLDEN SUNBURST ESTATES,1986,3,2,1435
633,391000,2104 W LEWIS AVE,85009,Active,HI-WAY PARK,1948,3,1,1230
634,708000,120 E NORTHERN AVE,85020,Active,MELROSE GROVES UNIT 1 LOTS 1-27,1956,3,2,1728
635,485000,1210 W MISSOURI AVE,85013,Active,HANDELL VILLA,1950,3,2,1302
636,480000,4221 W SURREY AVE,85029,Active,WESTCLIFF PARK UNIT 1,1979,4,2,1648
637,528000,1531 W CAMPBELL AVE,85015,Active,"BONNIE LEA LOTS 21-58, 101-130",1948,3,2,1362
638,364000,2231 W LUPINE AVE,85029,Active,VALLEY VISTA,1960,3,2,1092
639,356000,4932 W CYPRESS ST,85035,Active,WEDGEWOOD PARK UNIT 2,1964,4,2,1276
640,423000,6602 W DESERT COVE AVE,85304,Active,BRAEWOOD VERDES UNIT 2,1983,2,2,1162
641,470000,10015 N 65TH AVE,85302,Active,CHAPARRAL RANCH 2,1986,4,2,1963
642,485000,6322 W BECKER LN,85304,Active,MONTARA,1984,3,2.5,1629
643,487000,2116 W AVALON DR,85015,Active,WESTWOOD VILLAGE,1952,4,2,2035
644,534999,2243 E NISBET RD,85022,Active,GREENWAY ESTATES NO. 2,1963,4,2,2240
645,429900,7238 W MONTEROSA ST,85033,UCB (Under Contract-Backups),MARYVALE TERRACE NO. 43,1972,4,1.75,1856
646,675000,4355 E BLANCHE DR,85032,UCB (Under Contract-Backups),ROYAL ESTATES EAST UNIT 4,1987,4,2,2248
647,425000,10248 N 37TH AVE,85051,UCB (Under Contract-Backups),CONTINENTAL MEADOWS NORTH,1969,3,2,1552
648,675000,1236 E ALICE AVE,85020,Active,NORTHERN-AIRE ESTATES 1,1967,4,3,2340
649,649900,3702 E LAUREL LN,85028,Active,STAR OF PARADISE 2,1963,3,2,1680
650,515000,5206 W ST KATERI DR,85339,Active,LAVEEN CROSSING UNIT 1,2005,5,2.5,3207
651,685000,11826 N 38TH PL,85028,Active,CAVALIER ESTATES UNIT 7,1971,3,2,1889
652,365000,4806 S 36TH DR,85041,UCB (Under Contract-Backups),ARRINGTON PL TR A,1963,3,2,1290
653,514900,2026 E MONTEREY WAY,85016,Active,OSBORN PARKWAY 2,1956,3,2,1486
654,699000,7597 W ROVEY AVE,85303,Active,TESSERA,2013,5,3,3804
655,510000,2925 E Dahlia DR,85032,Active,PARADISE VALLEY WEST 3,1971,3,1.75,1575
656,464999,1147 E MORELAND ST,85006,Active,AETNA PLACE,1930,4,1,1190
657,415000,930 E ILLINI ST,85040,Active,DEL SOL,1960,5,3,1942
658,486000,1137 E MILADA DR,85042,Active,DOBBINS CREEK,2004,3,2,1465
659,400000,14444 N 37TH PL,85032,UCB (Under Contract-Backups),PARADISE VALLEY OASIS NO. 7,1974,3,2,1144
660,427000,375 W COCOPAH ST,85003,Active,SAGUARO TRACT,1940,5,2,1995
661,519900,3232 E EMILE ZOLA AVE,85032,Active,PARADISE VALLEY OASIS 2 LOTS 192-359,1962,3,2,1375
662,388900,3311 E YALE ST,85008,Active,"LAWNDALE BLKS 1, 3",1949,2,1,858
663,460000,4813 W LYDIA LN,85339,Active,ROGERS RANCH PARCEL 15,2017,3,3,1702
664,589000,2723 W ORANGEWOOD AVE,85051,Active,ORANGELAND LOTS 5-10 & 15-16,1954,4,2,1811
665,420000,7208 N 37TH DR,85051,Active,SUNGOLD 2,1961,3,2,1818
666,530000,3207 N 25TH ST,85016,UCB (Under Contract-Backups),Mitch's Place,1955,2,1,1054
667,510000,2312 S 66TH LN,85043,Active,ARIZONA MEADOWS 2 AT TERRALEA,2005,5,3.5,2834
668,475000,8602 N 41ST AVE,85051,Active,MANZANITA MANOR,1976,3,3,2096
669,524900,4225 W ECHO LN,85051,Active,STURDUST SKIES UNIT 7,1967,4,3,2400
670,545000,7740 N 41ST AVE,85051,Active,NORTHERN PALMS UNIT 2,1970,4,2,2470
671,595000,12637 N COLUMBINE DR,85029,UCB (Under Contract-Backups),SWEETWATER 1,1971,4,3,2306
672,515000,7244 N 23RD AVE,85021,Active,NEWCASTLE HOMES 2,1957,3,2,1550
673,399000,4359 E NANCY LN,85042,UCB (Under Contract-Backups),WOODBRIAR UNIT 3,1972,4,2,1375
674,380000,9503 N 70TH DR,85345,UCB (Under Contract-Backups),PARKVIEW WEST UNIT 7,1986,3,2,1288
675,599000,6803 N 15TH PL,85014,Active,SQUAW PEAK HTS 4,1952,3,1,1768
676,315000,1822 E DIAMOND ST,85006,Active,"GRANDVIEW BLKS 9, 10, 11",1956,3,1,1335
677,415000,6801 N 31st AVE,85017,UCB (Under Contract-Backups),DEANMAR MANOR,1970,3,2,1779
678,310000,6923 W Monte Vista RD,85035,UCB (Under Contract-Backups),SKYVIEW NORTH UNIT FIVE,1978,3,2,1588
679,399000,15031 N 37TH AVE,85053,Active,DEERVIEW UNIT 12,1972,3,2,1824
680,464900,1111 N 28TH PL,85008,Active,28TH PLACE,2019,4,2,1553
681,499000,2356 W TIERRA BUENA LN,85023,Active,PONDEROSA HOMES NORTH UNIT 2,1973,4,1.75,1457
682,750000,9802 N 30th ST,85028,Active,PARADISE VALLEY OASIS,1968,3,2,1780
683,730000,435 E BARBARA DR,85281,Active,MARLBOROUGH PARK ESTATES,1981,3,2.5,2107
684,429944,807 E ALTA VISTA RD S,85042,Active,ESTRELLA RANCHO,1927,3,1,1100
685,489900,6223 W CLARENDON AVE,85033,Active,MARYVALE TERRACE 4 AMD,1958,5,3,2141
686,325000,1748 E MONTE VISTA RD,85006,UCB (Under Contract-Backups),RONALDS PARK,1935,3,1.75,1260
687,615000,7142 N 12th ST,85020,Active,NORTHWOOD MANOR 2,1954,3,1.75,1531
688,250000,41 E RAYMOND ST,85040,UCB (Under Contract-Backups),PATTON PLACE,1949,3,2,1192
689,355000,5616 N 62ND DR,85301,Active,MARYVALE TERRACE 20-A LTS 7490-7494,1959,4,2,1573
690,499000,1213 E MILADA DR,85042,UCB (Under Contract-Backups),DOBBINS CREEK,2004,3,2,2170
691,490000,4321 W RUTH AVE,85302,UCB (Under Contract-Backups),MANZANITA MANOR 2,1980,3,2,1806
692,405000,3326 W Yucca ST,85029,UCB (Under Contract-Backups),Knoell North Unit 4,1970,3,1.75,1590
693,434900,7150 W MONTECITO AVE,85033,Active,MARYVALE TERRACE 35 EAST,1970,4,2,1864
694,419000,1922 N 25TH ST,85008,UCB (Under Contract-Backups),Creighton Manors,1953,3,1,1236
695,349900,3020 W SOLANO DR,85017,Active,MARYVALE PARK,1952,3,1.5,1180
696,596000,1315 W ORANGE DR,85013,UCB (Under Contract-Backups),CHRIS GILGIANS CAMELBACK VILLAGE UNIT 1,1956,3,2,1513
697,450000,3547 W ENCANTO BLVD,85009,Active,ENCANTO NORTH,1959,4,2,1610
698,350000,7416 W GLENROSA AVE,85033,UCB (Under Contract-Backups),MARYVALE TERRACE NO. 35 WEST,1969,3,2,1240
699,630000,13411 N 41 ST,85032,Active,PARADISE VALLEY OASIS NO,1977,3,1.75,1667
700,480000,6614 W GOLDEN LN,85302,Active,FAIRVIEW CROSSING,1999,3,2,1596
701,599900,4839 E GRANADA RD,85008,Active,ORANGEDALE MANOR,1955,3,2,1765
702,750000,3027 N 83RD PL,85251,UCB (Under Contract-Backups),SCOTTSDALE SQUARE,1996,3,2,1899
703,480000,2202 N 37TH ST,85008,Active,DALE MANORS,1958,3,2,1355
704,389000,12410 N COLUMBINE DR,85029,Active,SWEETWATER 1,1970,3,1.75,1734
705,466000,9049 N 2ND DR,85021,Active,NORTH CENTRAL HEIGHTS A BLKS 1-6,1947,4,2,1652
706,469990,6944 W EARLL DR,85033,Active,MARYVALE TERRACE NO. 49,2016,4,2.75,1985
707,999000,8102 E MULBERRY ST,85251,UCB (Under Contract-Backups),TRAIL WEST 2 AMD,1961,3,2,1786
708,499000,3522 N 3rd ST,85012,Active,LOT 24 BLOCK 3 BELLA VISTA PLACE MCR 000638,1940,3,2,2413
709,399900,4420 W KEIM DR,85301,Active,WEST PLAZA 15,1963,3,2,1412
710,420000,4126 W IRWIN AVE,85041,Active,ARLINGTON ESTATES PHASE 2,2004,3,2.5,2103
711,650000,1014 E ORANGE DR,85014,Active,SMITH PLACE BLOCKS 1 2 4 5,1954,3,2,1126
712,759900,1505 E ESTRID AVE,85022,UCB (Under Contract-Backups),POINTE MOUNTAINSIDE GOLF COMMUNITY UNIT ONE,1994,4,3,2514
713,559000,1105 E MARYLAND AVE,85014,Active,MARLETTE MANOR,1956,3,2,1778
714,429900,13060 N 56TH AVE,85304,UCB (Under Contract-Backups),THUNDERBIRD PALMS 4 AMD LOT 884-1015 1019-1048,1984,3,1.75,1427
715,625000,2039 E GREENWAY RD,85022,Active,LOOKOUT MOUNTAIN VIEWS 1,1978,3,2,1537
716,685000,7730 N 7TH AVE,85021,Active,NORTH VISTA,1958,3,2.5,2225
717,320000,6029 W CLAREMONT ST,85301,UCB (Under Contract-Backups),RANCHO VIEJO,1953,4,2,1214
718,410000,5831 W PIERSON ST,85031,Active,MARYVALE TERRACE 16 AMD LOTS 3150-3276,1958,5,2,2479
719,514900,724 W PARKWAY BLVD,85281,UCB (Under Contract-Backups),MARILYN ANN UNIT 1,1961,4,2.5,1372
720,389000,5706 W Roma AVE,85031,Active,Marivalley Terrace 13,1956,4,3,1537
721,379900,7226 W WOLF ST,85033,Active,MARYVALE TERRACE NO. 34,1969,3,2,1540
722,369000,2336 N 48TH LN,85035,UCB (Under Contract-Backups),WEDGEWOOD PARK,1963,4,2,1628
723,390000,7023 S 38TH DR,85041,UCB (Under Contract-Backups),Cameron Creek,2004,3,2,1429
724,395000,5802 W FLOWER ST,85031,UCB (Under Contract-Backups),MARYVALE TERRACE 22 LOTS 8426-8591,1960,5,2.5,1848
725,400000,7167 W MARLETTE AVE,85303,UCB (Under Contract-Backups),CAMINO ESTATES,2003,3,2,1492
726,499500,2821 E TAMARISK AVE,85040,Active,NOT APPLICABLE,1963,4,3,1728
727,525000,7408 S 27TH PL,85042,UCB (Under Contract-Backups),MOUNTAIN GROVE COMMUNITY,2011,3,2.5,2074
728,679900,2935 E BERYL AVE,85028,UCB (Under Contract-Backups),RAMSES 1,1974,3,2,1704
729,775000,501 W EDGEMONT AVE,85003,UCB (Under Contract-Backups),LOU MAR VISTA,1951,3,2,1892
730,525000,1527 E GARY WAY,85042,UCB (Under Contract-Backups),HIGHLINE VISTA ESTATES,2003,4,2,1998
731,645000,7023 N 11TH WAY,85020,UCB (Under Contract-Backups),PALM TERRACE 3,1953,4,3,1910
732,579000,1719 E Madison ST,85034,Active,Collins Addition Phoenix Blocks,2022,4,2,2050
733,524900,4623 E HOLLY ST,85008,UCB (Under Contract-Backups),BAR C RANCH,1955,3,2,1436
734,465000,739 E CONSTANCE WAY,85042,UCB (Under Contract-Backups),VILLAGES AT VERONA,2016,3,2.5,1538
735,399900,213 E CAMPO BELLO DR,85022,UCB (Under Contract-Backups),CENTRAL PLACE NORTH,1983,2,2,1256
736,573900,3555 E CROCUS DR,85032,Active,PARADISE VALLEY OASIS NO. 10,1978,4,2,1792
737,465000,5010 W MERCER LN,85304,UCB (Under Contract-Backups),GREENBRIER UNIT 3,1974,3,3,1938
738,565000,6228 S 30th LN,85041,Active,Laveen Village,2014,3,3.5,3465
739,365000,5727 N 32ND DR,85017,UCB (Under Contract-Backups),"MARYVALE PARK 3 LOTS 661-831, TR C",1954,3,2,1121
740,359900,5627 W ENCANTO BLVD,85035,Active,HOMESTEAD TERRACE UNIT 7,1970,3,2,1260
741,590000,6513 E HOLLY ST,85257,Active,HY-VIEW 4,1964,3,2,1552
742,349900,12629 N 30TH AVE,85029,UCB (Under Contract-Backups),WESTOWN 3,1959,3,2,1376
743,979999,8364 W MISSOURI AVE,85305,Active,MISSOURI RANCH,2003,5,3,4058
744,359900,7104 W BECKER LN,85345,UCB (Under Contract-Backups),OAKRIDGE TRAILS AMENDED,1982,2,1,918
745,360000,7814 W ALVARADO RD,85035,UCB (Under Contract-Backups),VINSANTO,2013,4,2.5,1598
746,899000,5639 E EDGEMONT AVE,85257,UCB (Under Contract-Backups),FAIRWAY PARK,1952,3,2,1713
747,675000,4342 N 24TH ST,85016,Active,CAVALIER VILLA 1,1952,3,2,1517
748,675000,4336 N 24TH ST,85016,Active,CAVALIER VILLA 1,1953,3,2,1550
749,700000,4332 N 24TH ST,85016,Active,CAVALIER VILLA 1,1952,3,1,1152
750,700000,2346 E MONTECITO AVE,85016,Active,CAVALIER VILLA 1,1952,3,1,1550
751,301900,831 S 9TH PL,85034,Active,STARR PLACE SOUTHERN VILLAGE,1951,3,2,985
752,449900,7275 W CACTUS WREN DR,85303,UCB (Under Contract-Backups),WESTGLEN VILLAS,2012,4,2.5,2047
753,769000,8475 E HAZELWOOD ST,85251,UCB (Under Contract-Backups),SCOTTSDALE HIGHLAND ESTATES LOT 1-33 TR A,1988,4,3,2448
754,590000,1809 N 38TH PL,85008,UCB (Under Contract-Backups),PAPAGO VISTA,1954,3,2,1427
755,315000,4439 S 8TH PL,85040,UCB (Under Contract-Backups),BROADWAY PARK,1946,4,2,1430
756,487500,939 W MERCER LN,85029,Active,SADDLE ROCK HILLS,1962,4,1.75,1412
757,569000,5545 W CORTEZ ST,85304,UCB (Under Contract-Backups),WINNWOOD ESTATES UNIT 1,1978,3,3,2015
758,330000,2901 N 38TH AVE,85019,UCB (Under Contract-Backups),DEL MONTE VILLAGE 3,1959,4,2,1325
759,459700,6757 N 75TH DR,85303,UCB (Under Contract-Backups),CASA LINDA,1999,3,2.5,1457
760,487000,11631 N 58TH DR,85304,Active,WARRANTEED WEST,1974,5,2,1836
761,325000,6717 N 55TH DR,85301,UCB (Under Contract-Backups),"PARK ADDN BLKS 26-28, 7-15",1950,2,1,1101
762,599900,11900 N 32ND ST 13,85028,Active,ENCLAVE AT 32ND STREET,2018,3,2.5,1850
763,417000,2026 N 17TH PL,85006,Active,ROSELAWN HEIGHTS LOTS 9-12,1935,2,2,960
764,400000,4320 W Darrow ST,85339,UCB (Under Contract-Backups),SOUTH POINT,2002,3,2,1522
765,365000,3520 W MARYLAND AVE,85019,UCB (Under Contract-Backups),WEST PLAZA 9,1959,3,2,1416
766,465000,3002 W Latham ST,85009,Active,NORTH WILLOW SQUARE,1954,5,3,3197
767,682000,3019 E FRIESS DR,85032,Active,CIMARRON HILLS 3,1996,3,2.5,2296
768,429000,6246 W ENCINAS LN,85043,UCB (Under Contract-Backups),Rio Del Rey,2001,3,2.5,1828
769,309500,1146 N 31st AVE,85009,Active,"el retiro, blk 3,4",1948,1,2,840
770,675000,933 W PORTLAND ST,85007,UCB (Under Contract-Backups),STORY ADDITION PLAT A,1925,4,2,1661
771,439000,4601 N 15TH AVE,85015,Active,PARK VIEW HOMES PLAT 2 LOTS 88-273,1952,4,2,1605
772,285000,1620 W COCOPAH ST,85007,UCB (Under Contract-Backups),CLINT THOMAS HOMES,1952,3,1,878
773,470000,2322 N 10TH ST,85006,Active,SYNDICATE PLACE Coronado Historic District,1945,2,1,532
774,799900,1236 E MCLELLAN BLVD,85014,Active,MCLELLAN MANORS,1953,3,2,2082
775,385000,5615 W NORTHVIEW AVE,85301,Active,"CATLIN COURT BLK 13-15, 18-20",1948,3,2,1386
776,499900,1315 S POLLY ANN DR,85281,Active,STARLITE MANOR,1976,3,2,1360
777,740000,930 E BETHANY HOME RD,85014,UCB (Under Contract-Backups),BETHANY ESTATES,1949,4,3,2199
778,336900,6109 W FLOWER ST,85033,UCB (Under Contract-Backups),"MARYVALE TERRACE 24 9306-9390, TR A",1960,4,2,1900
779,415000,2315 E AIRE LIBRE AVE,85022,UCB (Under Contract-Backups),DAVE BROWN BELL ROAD,1997,3,2,1534
780,460000,2032 W RANCHO DR,85015,UCB (Under Contract-Backups),BETHANY VILLA 5,1958,4,2,1482
781,499000,10623 N 37TH AVE,85029,Active,HY-VIEW NO. 11,1969,3,2,1695
782,350000,2161 E BETTY ELYSE LN,85022,Active,NORTHTOWN UNIT 3-B,1976,2,1.75,1240
783,400000,3216 W MESCAL ST,85029,UCB (Under Contract-Backups),KNOELL NORTH UNIT 2,1968,3,2,1430
784,489900,5124 W CHAMBERS ST,85339,CCBS (Contract Contingent on Buyer Sale),RIVER WALK VILLAGES,2004,3,2,1866
785,699000,3801 E POINSETTIA DR,85028,UCB (Under Contract-Backups),CAVALIER ESTATES UNIT 7,1971,3,2,2130
786,350000,7612 W WHITTON AVE,85033,Active,MARYVALE TERRACE 28 LOTS 11349-11374 & TR B,1961,4,1.75,1138
787,481000,8449 N 49TH AVE,85302,Active,NORTHERN PALMS UNIT 3,1976,4,2,2004
788,790000,810 S 3RD AVE,85003,Active,"MONTGOMERY ADD AMD BLKS 75, 83, 84, 91, 99-102",2021,4,3,2538
789,479900,2429 W LAUREL LN,85029,Active,VALLEY VISTA UNIT 4B,1970,4,2,2329
790,265000,5816 S 7TH ST,85040,Active,SOUTHERN GARDENS,1951,2,1,826
791,550000,1025 E PORTLAND ST,85006,Active,BRILLS ADDITION AMD,2006,3,2,1460
792,435000,3613 W SAINT CHARLES AVE,85041,Active,CROSSINGS AT AMBER RIDGE,2005,3,2.5,1939
793,775000,1202 W ROVEY AVE,85013,UCB (Under Contract-Backups),DEL MONTE ESTATES,1955,3,3,1974
794,440000,6332 N 13TH PL,85014,UCB (Under Contract-Backups),RIBAR TERRACE__LOT 1-14,1952,3,2,1040
795,479900,1829 E SAINT CATHERINE AVE,85042,UCB (Under Contract-Backups),CITRUS HILLS UNIT 2,1989,4,3,1874
796,499000,13824 N 11TH PL,85022,Active,Moon Valley,1970,3,2,1813
797,850000,710 E HAYWARD AVE,85020,UCB (Under Contract-Backups),ROYAL CREST VILLA,1954,4,2.5,2163
798,389000,2111 E Paradise LN,85022,UCB (Under Contract-Backups),PARADISE COURTS__LOT 1-30__TR A,1990,2,2,1078
799,375000,1509 E SONRISAS ST,85040,UCB (Under Contract-Backups),RIDGEFIELD,2004,4,2.5,1580
800,404000,5127 W EARLL DR,85031,Active,MARYVALE TERRACE 19 LTS 6441-6445 & TR A,1956,4,1.75,1695
801,440000,5514 W ALICE AVE,85302,Active,PACE WEST,1973,4,2,1314
802,490000,8809 S 13TH WAY,85042,CCBS (Contract Contingent on Buyer Sale),DOBBINS CREEK,2003,3,2,2170
803,599900,6502 N 16TH DR,85015,Active,MARYLAND GARDENS 1 MCR 009429 Lot 17,1961,4,2,1716
804,219900,2713 E PUEBLO AVE,85040,Active,NORTH BROADWAY ESTATES 1,1950,2,1,563
805,790000,308 E LE MARCHE AVE,85022,Active,Moon Valley,1979,4,2,2046
806,559000,1209 E SAINT JOHN RD,85022,Active,CANDLE CREEK UNIT 1,1994,4,2.5,2284
807,895000,208 E GRISWOLD RD,85020,UCB (Under Contract-Backups),CACTILONE ACRES LOTS 29-52,1956,3,3,2010
808,479900,3124 W DONNER DR,85041,Active,LAVEEN VILLAGE AMD,2003,3,2,2040
809,315000,3926 W TONTO ST,85009,Active,HOMEDALE 13 TO 18,1948,2,1,792
810,389999,5607 W MEADOWBROOK AVE,85031,Active,MARYVALE TERRACE 14,1957,4,2,1692
811,340000,5629 N 31ST AVE,85017,UCB (Under Contract-Backups),"MARYVALE PARK 2 AMD LOTS 243-415, & TR C",1952,3,2,1092
812,379999,3144 W SAN MIGUEL AVE,85017,Active,MARYVALE PARK 4 LOTS 1004-1106 TRS A & B,1954,3,1.75,1484
813,359900,4038 W ROYAL PALM RD,85051,UCB (Under Contract-Backups),NORTHERN GROVES,1975,3,2,1513
814,849000,5714 E CAMBRIDGE AVE,85257,UCB (Under Contract-Backups),Fairway Park,1965,3,1.75,2128
815,480000,4036 W SWEETWATER AVE,85029,UCB (Under Contract-Backups),WESTCLIFF PARK 2 LOT 68-1,1979,3,2,1442
816,835000,7346 N 11TH PL,85020,Active,LOMA VISTA TERRACE,1952,5,3,2653
817,749000,5601 E PRESIDIO RD,85254,Active,HEATHERWOOD 1,1973,3,2,1518
818,575000,1302 E Orangewood AVE,85020,UCB (Under Contract-Backups),Palo Verde Manor,1970,3,1.75,1960
819,699000,4116 N 42ND PL,85018,UCB (Under Contract-Backups),ORANGE DELL,1950,2,1,1007
820,300000,34 W PUEBLO AVE,85041,Active,"CENTRAL GARDENS 14-53, 80-94",1946,2,1,762
821,759000,8404 E THOMAS RD,85251,Active,SCOTTSDALE ESTATES 16 2504-2531,1974,4,2,1937
822,439900,2445 W VILLAGE DR,85023,UCB (Under Contract-Backups),VILLAGE MEADOWS,1959,3,2,1901
823,420000,5331 W PURDUE AVE,85302,UCB (Under Contract-Backups),PASEO PLACE REAMENDED,1979,3,1.75,1512
824,519000,7970 W MEDLOCK DR,85303,Active,EL PRADO,2021,4,2,1790
825,379900,9809 N 2ND PL,85020,Active,SUNLAND,1946,2,1,816
826,799000,13228 N 50TH ST,85254,Active,GREENBRIER EAST 3,1978,3,2,1817
827,449000,7594 W STATE AVE,85303,UCB (Under Contract-Backups),ORANGEWOOD ESTATES,2003,3,2,1875
828,740000,2836 E LUDLOW DR,85032,Active,28TH STREET AND THUNDERBIRD ROAD,1991,5,3,3009
829,465000,2014 N 18th ST,85006,UCB (Under Contract-Backups),Casa Modesta,1973,4,2,1344
830,419900,6748 N 31ST LN,85017,UCB (Under Contract-Backups),LOS SERRANOS,1973,4,1.75,1632
831,610000,5424 S 16TH PL,85040,UCB (Under Contract-Backups),SANTIAGO,2017,5,3,2903
832,960000,6501 N CENTRAL AVE,85012,Active,ORANGEWOOD LOTS 11-15 BLOCK 2,1980,3,3,3041
833,350000,7101 W Edgemont AVE,85035,UCB (Under Contract-Backups),SKYVIEWNORTH 4,1972,4,2,1726
834,990000,6320 N 4TH PL,85012,Active,MARYLAND CENTRAL GROVES,1963,3,2.5,2580
835,996368,9440 S 10TH WAY,85042,Active,VISTAL PHASE 2A,2019,4,3.5,2807
836,900000,1631 E CLAREMONT ST,85016,Active,CLAREMONT VILLA,1958,4,2,1951
837,405000,7617 W Nicolet AVE,85303,UCB (Under Contract-Backups),Orangewood Estates,2003,3,2,1546
838,395000,12841 N 40TH AVE,85029,UCB (Under Contract-Backups),TAMARRON 2,1979,3,2,1554
839,435000,2010 W TOWNLEY AVE,85021,Active,ALICIA PARK,1998,3,2,1414
840,462000,6153 W ECHO LN,85302,Active,EXECUTIVE PALMS,1996,4,2.5,2161
841,699900,4025 N 8TH AVE,85013,Active,NORTH PARK CENTRAL,1952,4,3,2200
842,350000,1632 N 37TH AVE,85009,UCB (Under Contract-Backups),PALOMAR HOMES,1948,3,2,1291
843,460000,4119 W HARMONT DR,85051,Active,STARDUST SKIES 6,1966,3,2,1991
844,364995,2923 W SELDON LN,85051,Active,ALTA VISTA #6,1954,4,2,1200
845,875000,37 W MCLELLAN BLVD,85013,UCB (Under Contract-Backups),CALLAWAY,1954,4,3,2862
846,354995,3014 W Coronado RD,85009,Active,PALOMAS PARK AMD BLK 5-8,1970,4,2,1200
847,259000,5241 S 13TH AVE,85041,Active,HIGHLAND PARK SUB PLAT 4,1956,3,1,1271
848,340000,2721 W SAN MIGUEL AVE,85017,Active,"MARYVALE PARK 2 AMD LOTS 243-415, & TR C",1952,4,1,1575
849,390000,5204 W WARNER ST,85043,UCB (Under Contract-Backups),RIVERBEND,2006,3,2,1532
850,464900,7542 W MINNEZONA AVE,85033,Active,MARLBOROUGH COUNTRY,1983,4,3,1742
851,425000,11002 N 64TH LN,85304,UCB (Under Contract-Backups),COPPERWOOD 5,1982,3,1.75,1546
852,850000,6075 N 84TH DR,85305,Active,DESERT MIRAGE ESTATES,2001,7,3.5,3967
853,275000,1743 W CARSON RD,85041,UCB (Under Contract-Backups),VISTA GRANDE UNIT 3,1971,2,1,875
854,999000,1220 S MILL AVE,85281,Active,PARK TRACT,1939,3,2.5,1367
855,479900,9837 N 48TH AVE,85302,UCB (Under Contract-Backups),TANITA FARMS UNIT 3,1976,4,2,2447
856,660000,6622 N 18TH ST,85016,Active,BEVERLY VILLA 2 LOTS 35-46,1957,3,2,1890
857,430000,3832 W TOWNLEY AVE,85051,Active,WISHING WELL VILLAGE 3,1966,3,2,1688
858,630000,925 N 79TH ST,85257,Active,MEREWAY MANOR REPLAT,1971,5,2,1734
859,369900,3639 W ROMA AVE,85019,Active,HIDEAWAY LOT 1-32,1960,3,2,1407
860,589900,8401 N 57TH DR,85302,UCB (Under Contract-Backups),Thunderbird Estates Lotes 53-170,1971,5,3.5,2475
861,330000,1607 W VINEYARD RD,85041,Active,VISTA GRANDE UNIT 4,1972,4,2,1292
862,699900,3609 W RUE DE LAMOUR AVE,85029,Active,THUNDERBIRD HEIGHTS,1971,5,3,2323
863,699900,5346 E EVANS DR,85254,UCB (Under Contract-Backups),NORMA ESTATES,1977,3,2,1744
864,445000,6415 W CARON ST,85302,UCB (Under Contract-Backups),BRAEMAR GLEN,1977,4,2.75,1780
865,474000,4436 W SIERRA ST,85304,Active,CONTINENTAL NORTH UNIT 6,1971,4,2,1834
866,385000,1606 N 48TH AVE,85035,UCB (Under Contract-Backups),WEDGEWOOD PARK 8,1971,4,2,1422
867,409000,3537 W SIERRA ST,85029,UCB (Under Contract-Backups),STONEHENGE,1969,3,2,1425.5
868,489900,7520 W SAN JUAN AVE,85303,Active,WEST PLAZA 29 & 30 LOTS 263-343 AND TRACTS A-C,1990,3,2,1795
869,350000,4702 N 47TH AVE,85031,UCB (Under Contract-Backups),MARYVALE TERRACE 2B LOTS 787-951,1955,3,2,1452
870,325000,6513 W KEIM DR,85301,UCB (Under Contract-Backups),MARYVALE TERRACE 21 LTS 7803-7913 & TR A,1960,2,1,896
871,399999,6607 W HIGHLAND AVE,85033,UCB (Under Contract-Backups),PARKSIDE UNIT 3,1974,4,2,1782
872,374950,3202 N 52ND PKWY,85031,Active,MARYVALE TERRACE 19 LTS 6441-6445 & TR A,1956,4,2.5,1793
873,895000,3404 N 25TH ST,85016,UCB (Under Contract-Backups),LAFAYETTE SQUARE 25TH 3,2017,3,2.5,2104
874,349999,2007 N 38TH AVE N,85009,Active,DEL MONTE VILLAGE 1,1954,3,1,1214
875,399900,7755 W PALMAIRE AVE,85303,UCB (Under Contract-Backups),GLEN PARK AMD LOT 1-72,1991,3,2,1277
876,410000,7330 N 68TH LN,85303,Active,SUMMERFIELD PLACE 4,2004,3,2,1458
877,380000,4208 W Vernon AVE,85009,Active,Parkway West 5,1971,4,2,1565
878,410000,2020 N 22ND ST,85006,Active,FORBES TRACT,1958,4,2,1266
879,340000,6711 N 31ST AVE,85017,UCB (Under Contract-Backups),DEANMAR MANOR,1970,4,1.75,1494
880,376000,6215 W GARFIELD ST,85043,Active,CENTURA WEST 2,1982,3,2,1146
881,399000,5032 N 69TH AVE,85303,UCB (Under Contract-Backups),WEST CAMELBACK VILLAGE 2 AMD,1976,4,2,1603
882,350000,5602 W LA REATA AVE,85035,UCB (Under Contract-Backups),SKYVIEW NORTH UNIT 2,1972,4,2,1350
883,359900,9628 N 10TH AVE,85021,UCB (Under Contract-Backups),TURNER TERRACE PT LOT 58 OR FOOTHILL ACRES,1942,3,2,861
884,630000,6021 N 10TH ST,85014,Active,HOMES HOMES,1979,3,2.5,1923
885,475000,2409 W Chipman RD,85041,Active,Weston Park,2005,5,3,2750
886,499999,15925 N 21ST LN,85023,UCB (Under Contract-Backups),NORTHGATE,2008,3,2.5,1871
887,320000,2801 W GLENROSA AVE,85017,UCB (Under Contract-Backups),MISSION MANOR 1,1951,3,1.5,1350
888,314999,1711 S 28TH DR,85009,Active,PLATTS PLACE,1946,4,2,850
889,399900,1710 W BETHANY HOME RD,85015,UCB (Under Contract-Backups),HOFFMANTOWN 2,1950,4,2,1702
890,750000,4227 E VERNON AVE,85008,UCB (Under Contract-Backups),RANCHO VENTURA TR 4,1955,4,2,2130
891,422000,9405 N 4TH AVE,85021,UCB (Under Contract-Backups),NORTH CENTRAL HEIGHTS B BLKS 14-21 & TR E,1948,4,2,1420
892,405000,3022 W Cactus Wren DR,85051,UCB (Under Contract-Backups),Glenn Palms,1971,4,2,1734
893,450000,3008 W ACOMA DR,85053,UCB (Under Contract-Backups),KNOELL ROYAL OAKS UNIT 6,1976,3,2,1833
894,423000,4806 W ASTER DR,85304,Active,PARKWOOD 9,1978,3,2,1372
895,369900,1633 E Phelps RD,85022,UCB (Under Contract-Backups),Northern Hills AMD,1955,3,2,1188
896,370000,8508 W Mitchell DR,85037,UCB (Under Contract-Backups),ARIZONA HOMES NO. 2,1974,3,2,1651
897,704999,6902 E LOMA LAND DR,85257,UCB (Under Contract-Backups),PAPAGO PARKWAY,1958,3,2,2000
898,519999,1226 W PARK ST,85041,UCB (Under Contract-Backups),BASELINE MOUNTAIN RANCH,2017,5,3,2801
899,669995,1609 E MONTECITO AVE,85016,Active,MONTECITO,1930,3,2,2362
900,360000,6224 W BERKELEY RD,85035,UCB (Under Contract-Backups),MARYVALE TERRACE NO. 45,1972,3,2,1289
901,489000,1808 E DARREL RD,85042,UCB (Under Contract-Backups),MOUNTAIN VIEW ESTATES,1996,3,2,1886
902,995000,333 E Kaler DR,85020,UCB (Under Contract-Backups),Adobe Village Unit 1 AMD,1962,4,3,2500
903,445000,6316 W MOUNTAIN VIEW RD,85302,Active,CHAPARRAL RANCH 2,1986,3,1.75,1716
904,765000,6816 E Almeria RD,85257,UCB (Under Contract-Backups),Village Grove,1958,3,2,1822
905,395000,7819 W CYPRESS ST,85035,UCB (Under Contract-Backups),VINSANTO,2013,4,2.5,1598
906,730000,4109 E CATALINA DR,85018,Active,RANCHO VENTURA TR 18,1954,3,2,1656
907,495000,4618 W DUNBAR DR,85339,UCB (Under Contract-Backups),ROGERS RANCH UNIT 4,2006,4,2.5,2828
908,900000,4410 W BANFF LN,85306,Active,SUNBURST FARMS 3,1969,5,3.5,2388
909,650000,8432 N 13th PL,85020,Active,MCGOUGH TERRACE,1964,4,2.5,2500
910,375000,1516 E MOBILE LN,85040,UCB (Under Contract-Backups),RIDGEFIELD,2004,4,2.5,1534
911,739900,6890 E Orion DR,85257,UCB (Under Contract-Backups),SKYE ON MCDOWELL,2019,3,2.5,2005
912,714800,14201 N 11TH WAY,85022,UCB (Under Contract-Backups),GOLD KEY ESTATES UNIT 2,1979,3,2,2393
913,630000,2109 W BERRIDGE LN,85015,Active,MELROSE VALLEY ESTATES 1,1958,4,2,1795
914,549900,1406 E MONTE VISTA RD,85006,UCB (Under Contract-Backups),MAY PLACE,1947,2,1,1520
915,900000,1919 E CLAIRE DR,85022,Active,LOOKOUT MOUNTAINSIDE,1995,5,3.5,3900
916,425000,317 E ORCHID LN,85020,UCB (Under Contract-Backups),"NORTH TOWN LOTS 30-59, 129-139",1956,3,2,1332
917,462320,11203 N 55TH AVE,85304,UCB (Under Contract-Backups),GREENBRIER UNIT 7,1980,3,2,1822
918,315000,7625 W TURNEY AVE,85033,UCB (Under Contract-Backups),NATIONAL EMBLEM WEST UNIT 3,1976,3,2,1412
919,500000,2202 N 11TH ST,85006,UCB (Under Contract-Backups),PHOENICIA,1915,2,1,945
920,669900,1844 W BUTLER DR,85021,Active,ROYAL OAKS UNIT 5,1973,3,2,2180
921,430000,6576 W PUGET AVE,85302,UCB (Under Contract-Backups),FAIRVIEW CROSSING,2001,3,2,1624
922,565000,542 E Piping Rock RD,85022,UCB (Under Contract-Backups),Hillcrest 8 Lot 201-227,1977,3,2,1796
923,699000,602 W DOBBINS RD,85041,Active,MOUNTAIN PARK,1950,3,2,2182
924,349900,5432 W WARNER ST,85043,UCB (Under Contract-Backups),RIVERBEND UNIT B,2018,3,2.5,1352
925,364000,5553 N 62ND DR,85301,UCB (Under Contract-Backups),MARYVALE TERRACE 20-A LTS 7490-7494,1959,3,2,1717
926,432000,1618 W POLLACK ST,85041,Active,LEXINGTON SQUARE,2002,3,2,1598
927,925000,4233 E CHOLLA ST,85028,UCB (Under Contract-Backups),PARADISE VALLEY PALMS UNIT 5 AMD,1975,4,3,2170
928,585000,5826 W PUGET AVE,85302,Active,RANDOLPH RANCH,1999,4,3.5,2250
929,280000,2218 W MADISON ST,85009,Active,CAPITOL ADDITION BLOCKS 43 & 44 35-38 29 & 30,1931,2,1,624
930,375000,6528 W FILLMORE ST,85043,UCB (Under Contract-Backups),SUNBURST FARMS SOUTH,1976,3,1,1192
931,699999,6325 S 24TH PL,85042,UCB (Under Contract-Backups),ARBORS,2019,3,2.5,2261
932,450000,14805 N 38TH CIR,85053,UCB (Under Contract-Backups),DEERVIEW UNIT 5,1969,4,2,1981
933,480000,11231 N 32ND DR,85029,UCB (Under Contract-Backups),KNOELL NORTH UNIT 3,1969,4,2,1844
934,999990,6435 N 17TH PL,85016,Active,MADISON SQUARE,2022,5,4.5,2700
935,269999,4732 S 36TH DR,85041,UCB (Under Contract-Backups),INDEPENDENCE PARK 1,1960,3,2,1044
936,580000,2027 W MONTE CRISTO AVE,85023,Active,NORTHGATE,2009,3,2.5,2446
937,479900,4209 N 10TH PL,85014,UCB (Under Contract-Backups),EVANSTON,1950,3,1,1380
938,250000,2634 E JONES AVE,85040,Active,SOUTHSIDE HOMESITES,1950,1,1,442
939,799900,50 W ENCANTO BLVD,85003,Active,SIMPSON PLACE,1940,2,2,1736
940,359995,5144 W Monte Vista RD,85035,UCB (Under Contract-Backups),WEDGEWOOD PARK 9,1972,4,2,1555
941,359995,2706 E Mobile LN,85040,UCB (Under Contract-Backups),BEN-JO ESTATES LOTS 137-158,1948,4,2,1452
942,350000,809 S 6th AVE,85003,UCB (Under Contract-Backups),"MONTGOMERY ADD AMD BLKS 75,83,84,91,99-102",2022,3,2,976
943,925000,4919 E WETHERSFIELD RD,85254,UCB (Under Contract-Backups),GREENBRIER EAST,1977,4,2,2148
944,899900,3005 W BEAUTIFUL LN,85339,Active,Unknown,2006,4,3,2423
945,374995,2912 W Puget AVE,85051,UCB (Under Contract-Backups),ALTA VISTA 7,1955,3,2,1761
946,360000,2921 N 53RD AVE,85031,UCB (Under Contract-Backups),MARYVALE TERRACE 19 LTS 6441-6445 & TR A,1958,4,2,1680
947,409000,2835 S 69th AVE,85043,Active,"SANTA MARIE TOWNSITE 17-24, 34-63",1948,3,1.75,1194
948,550000,3418 W HEARN RD,85053,UCB (Under Contract-Backups),DEERVIEW UNIT 4,1969,4,2,2146
949,950000,2009 E LAMAR RD,85016,Active,"CROWN HEIGHTS PLAT 2 LOT 17-26, 37-60, 81",1965,4,2.5,2218
950,402000,7522 N 30TH AVE,85051,UCB (Under Contract-Backups),BUNGALOWS AT ORANGEWOOD AMD,2014,3,3.5,1758
951,369900,4217 N 51ST AVE,85031,UCB (Under Contract-Backups),MARYVALE TERRACE LOTS 181-295,1954,4,2,1565
952,410000,4933 W LARKSPUR DR,85304,UCB (Under Contract-Backups),PARKWOOD SUBDIVISION UNIT NO. 10,1979,3,2,1537
953,650000,5743 N 11th PL,85014,UCB (Under Contract-Backups),MCADAMS MANOR 3,1993,3,2,1998
954,365000,6516 W PALO VERDE AVE,85302,UCB (Under Contract-Backups),BRAEMAR GLEN UNIT 1,1974,3,2,1486
955,540000,3058 E CAPTAIN DREYFUS AVE,85032,UCB (Under Contract-Backups),SWEETWATER COVE,1999,3,2,1554
956,1000000,2501 E OCOTILLO RD,85016,Active,INDIAN HILLS,1965,3,2,2334
957,439000,5713 N 42ND AVE,85019,Active,WEST PLAZA 17,1966,3,2,1365
958,450000,7013 W COCHISE DR,85345,Active,PIONEER VILLAGE,1983,3,2,1338
959,340000,3724 W SUNLAND AVE,85041,UCB (Under Contract-Backups),INDEPENDENCE PARK 10,1999,3,2,1300
960,675000,2631 N GRANITE REEF RD,85257,UCB (Under Contract-Backups),SCOTTSDALE ESTATES 10 LOTS 1519-1686,1960,3,2,1423
961,510000,4317 N 17TH AVE,85015,UCB (Under Contract-Backups),BEL AIR BLK 10_& 11,1948,3,2,1368
962,999000,6136 E WINDSOR AVE,85257,UCB (Under Contract-Backups),HERITAGE EAST UNIT 1,1969,4,2,2560
963,319000,5645 S 13TH WAY,85040,Active,VILLA MONTE VISTA,1973,4,2,1154
964,654990,1535 W PALMAIRE AVE,85021,UCB (Under Contract-Backups),GLENN WEST,1972,3,2,1727
965,649900,1302 E ECHO LN,85020,Active,MCGOUGH TERRACE,1975,4,3,2002
966,399000,12624 N 38TH AVE,85029,UCB (Under Contract-Backups),"SWEETWATER UNIT 4 LOTS 357-377, 441, 442, 456-471",1972,4,2,1584
967,374000,5637 N 63RD DR,85301,Active,MARYVALE TERRACE 20-A LTS 7490-7494,1960,4,1.5,1500
968,750000,4713 N 73RD ST,85251,UCB (Under Contract-Backups),SCOTTSDALE TERRACE UNIT T,1957,3,2,1545
969,425000,4211 N 18TH PL,85016,UCB (Under Contract-Backups),PETERS VIEW TRACT,1945,2,1,1000
970,554900,1903 W OCOTILLO RD,85015,Active,W J LAWRENCE TRACT,1969,1,2,2678
971,444000,7937 W HIGHLAND AVE,85033,UCB (Under Contract-Backups),MARYVALE TERRACE,1979,3,2,1390
972,425000,5913 W HIGHLAND AVE,85033,Active,Maryvale Terrace 25,1963,5,2,1850
973,410000,8913 N 53RD DR,85302,UCB (Under Contract-Backups),WILLOWBROOK,1978,4,2,1787
974,699972,4023 E YUCCA ST,85028,UCB (Under Contract-Backups),SHADOWRIDGE,1974,4,3,2427
975,400000,11226 N 39TH AVE,85029,UCB (Under Contract-Backups),FAIRWOOD 3,1973,4,2,1871
976,565000,2025 N MITCHELL ST,85006,UCB (Under Contract-Backups),EAST PRINCETON HEIGHTS,1926,2,1,845
977,512000,1318 S SHAFER DR,85281,UCB (Under Contract-Backups),STARLITE MANOR,1977,4,2,1952
978,380000,6518 S 47TH LN,85339,UCB (Under Contract-Backups),ROGERS RANCH PARCEL 15,2016,2,2,1402
979,437000,7006 N 14TH AVE,85021,UCB (Under Contract-Backups),MERRIWOOD,1947,4,2,1392
980,550000,2542 N 12TH ST,85006,UCB (Under Contract-Backups),FOWLER TRACT LOTS 1-96,1940,3,2,1467
981,420000,9824 N 48TH AVE,85302,UCB (Under Contract-Backups),GREENBRIER UNIT 4,1975,3,2,1592
982,599000,2929 W MALDONADO RD,85041,UCB (Under Contract-Backups),LAVEEN VILLAGE AMD,2004,5,3.5,3763
983,400000,6845 S 7th LN,85041,UCB (Under Contract-Backups),Desert Breeze Condominum,2006,3,2.5,1584
984,589900,1024 W BEVERLY LN,85023,UCB (Under Contract-Backups),MOONLIGHT COVE 3,1994,4,2.5,2111
985,280000,1611 S 28TH AVE,85009,Active,"THOMAS TRACT 1-8, 13, 14",1948,3,1,1116
986,310000,2807 W CAMELBACK RD,85017,UCB (Under Contract-Backups),NORTHWEST VILLAGE 3,1954,3,1,1584
987,385000,6719 W NORTHVIEW AVE,85303,UCB (Under Contract-Backups),SUMMERFIELD PLACE 3,2001,3,2,1350
988,350000,1239 E Fremont RD,85042,UCB (Under Contract-Backups),Oro Vista,2009,3,2,1377
989,995000,2531 E VOGEL AVE,85028,UCB (Under Contract-Backups),ESTATES AT DREAMY DRAW TRACTS A THRU F,1985,3,2.5,2802
990,360000,5308 W BANFF LN,85306,UCB (Under Contract-Backups),PATIO HOMES NORTH 5,1973,3,2,1288
991,610000,3613 N HAYDEN RD,85251,UCB (Under Contract-Backups),SCOTTSDALE ESTATES 6 LOTS 598-759 TRACT A,1958,3,2,1503
992,900000,8001 N 5TH AVE,85021,Active,EDEN PLACE,1949,4,3,3157
993,299900,2716 W Royal Palm RD,85051,UCB (Under Contract-Backups),ALTA VISTA 1,1953,3,1,1056
994,829900,1533 E SUNNYSIDE DR E,85020,Active,LAS BONITAS ALTURAS,2023,3,2.5,2186
995,400000,3218 W GLENDALE AVE 6,85051,Active,VILLAGE AT NORTH GLEN,2018,3,2.5,1490
996,550000,1701 W FAIRMOUNT AVE,85015,UCB (Under Contract-Backups),LONG ESTATES,1951,4,2,1890
997,494000,2535 E BROADWAY RD,85040,Active,BROADWAY ESTATES LOTS 137-158,2022,4,3,2215
998,697000,1327 E WINGED FOOT RD,85022,Active,HILLCREST 9,1983,3,2,1961
999,599000,1744 W ACOMA DR,85023,UCB (Under Contract-Backups),EATON MOON VALLEY,1979,3,2.5,2002
1000,420000,3008 N 72ND DR,85033,Active,VILLA OASIS ONE PER MCR 194/46 LOT 41,1982,3,2,1560
1001,565000,2443 W CROCUS DR,85023,UCB (Under Contract-Backups),THUNDERBIRD VALLEY UNIT 2,1979,3,2,1912
1002,420000,3952 W CACTUS WREN DR,85051,Active,MELROSE SHADOWS,1960,3,2,1440
1003,866000,11031 N 11TH PL,85020,Active,Unknown,2006,6,4,2889
1004,340000,7037 W MONTE VISTA RD,85035,UCB (Under Contract-Backups),SKYVIEW NORTH UNIT FIVE,1978,5,3,2016
1005,465000,6252 W COCHISE DR,85302,UCB (Under Contract-Backups),HUNTERS CHASE LOT 1-112 TR A&B,1986,3,3,1755
1006,445000,1201 E MCKINLEY ST,85006,UCB (Under Contract-Backups),Garfield,1921,2,1,825
1007,688000,1817 E PARADISE LN,85022,UCB (Under Contract-Backups),MOUNTAIN VISTA UNIT 4,1980,6,5,3841
1008,479900,14010 N 42ND DR,85053,Active,NEWCASTLE ESTATES,1973,3,2,1510
1009,695000,2446 E MINNEZONA AVE,85016,UCB (Under Contract-Backups),CAVALIER CAMPUS,1954,3,2,1650
1010,879900,2625 E LUPINE AVE,85028,UCB (Under Contract-Backups),"CACTUS MANOR LOT 10-17, 19, 20, 29, 30",1984,5,3,2862
1011,345000,4702 N 40TH AVE,85019,UCB (Under Contract-Backups),GREEN ACRES,1960,3,1.75,1512
1012,600000,3111 E CAPTAIN DREYFUS AVE,85032,UCB (Under Contract-Backups),SWEETWATER COVE,1999,3,2,1554
1013,599800,114 E Calavar RD,85022,UCB (Under Contract-Backups),Hillcrest Two / Hillcrest 2,1973,3,2,2342
1014,915000,2130 E Turney AVE 1,85016,Active,Turney Court,2022,4,4.5,2530
1015,495000,2249 E PECAN RD,85040,UCB (Under Contract-Backups),COPPER LEAF DEVELOPMENT UNIT 2,2007,3,2.5,1951
1016,539000,3126 W APOLLO RD,85041,Active,LAVEEN VILLAGE AMD,2005,4,2.5,3181
1017,465000,1150 E TAYLOR ST,85006,Active,"MT PLEASANT TRACT BLOCKS 1, 6",1930,2,1,1018
1018,499980,1924 W LAWRENCE RD,85015,Active,W J LAWRENCE TRACT,2021,4,2,1548
1019,658999,8889 N 71st DR,85345,Active,WEST POINTE ESTATES,2020,4,3,2624
1020,455000,6337 W CARON ST,85302,UCB (Under Contract-Backups),BRAEMAR GLEN 6,1978,3,2,1435
1021,850000,5337 E THUNDERBIRD RD,85254,UCB (Under Contract-Backups),SUNBURST FARMS,1972,3,2,1832
1022,354900,6202 W CLARENDON AVE,85033,UCB (Under Contract-Backups),MARYVALE TERRACE 4 AMD,1958,3,2,1516
1023,549850,7212 S 30th ST,85042,UCB (Under Contract-Backups),ENCANTO AT THE LEGACY,2000,3,2,1703
1024,850000,4736 W DESERT HILLS DR,85304,Active,CONTINENTAL NORTH UNIT 8,1973,3,2,2555
1025,424900,3127 W BANFF LN,85053,Active,"COUNTRY GABLES 2 LOT 256-281, 294-325, & TR D",1962,3,1.75,1134
1026,659900,120 E FOOTHILL DR,85020,Active,SUNLAND,1972,3,3,2752
1027,369900,2327 N 14TH ST,85006,UCB (Under Contract-Backups),2333 N 14TH STREET,1983,2,1,852
1028,440000,7961 W HIGHLAND AVE,85033,Active,MARYVALE TERRACE NO. 53D,1979,3,2,1008
1029,550000,6015 N 32ND DR,85017,Active,MARYVALE PARK 5 AMD,1976,10,5,4290
1030,589900,1408 W CACTUS WREN DR,85021,Active,MERRIWOOD,1949,3,3,1700
1031,356000,416 N 42ND ST,85008,Active,LANCASTER MANORS,1947,3,1,934
1032,975000,905 E PIERCE ST,85006,UCB (Under Contract-Backups),"MT PLEASANT TRACT BLOCKS 1, 6",1900,4,3,1691
1033,499000,3770 E PERSHING AVE,85032,UCB (Under Contract-Backups),PARADISE VALLEY OASIS NO. 6 AMD LOTS 827 THRU 1252,1972,3,2,1905
1034,440000,3207 W MONTEBELLO AVE,85017,Active,MARYVALE PARK 4,1954,3,2,1394
1035,1000000,1802 N 7TH AVE,85007,Active,PALMCROFT 1 THRU 123,1936,3,2.75,2275
1036,300000,3530 E PIERCE ST,85008,Active,"SUNBEAM 1 BLK 15, 16, 21, 22",1948,2,1,949
1037,849000,550 W VIRGINIA AVE,85003,UCB (Under Contract-Backups),LOMA VISTA,1941,4,3,2022
1038,775000,13425 N 21ST PL,85022,Active,SUN & SAND BLK 6,1974,4,3,2262
1039,680000,1625 E TURNEY AVE,85016,Active,MONTECITO,1961,3,3,2070
1040,349999,1643 N 38TH LN,85009,UCB (Under Contract-Backups),PALOMAR HOMES 3,1946,4,3,1284
1041,730000,8220 E BONNIE ROSE AVE,85250,CCBS (Contract Contingent on Buyer Sale),PARKCREST,1962,4,2,2133
1042,343000,1936 W Hadley ST,85009,Active,"SELLWELL 9-12, 17-20",1941,3,2,1494
1043,446000,6919 W MARIPOSA ST,85033,Active,MARYVALE TERRACE 26 AMD LOTS 10369-10434 & TR A,1960,5,2.5,1260
1044,440000,16 E EUCLID AVE,85042,Active,THUNDERBIRD COUNTRY CLUB EST 5,1964,3,2,1476
1045,940000,526 E CARTER RD,85042,Active,ROOSEVELT PLACE EAST 18-37,1948,4,4,2738
1046,335000,3921 W GRISWOLD RD,85051,UCB (Under Contract-Backups),WEST ROSA,1961,3,2,1092
1047,440000,4225 W CAVALIER DR,85019,Active,WEST PLAZA 3,1958,3,1.75,1506
1048,440000,5505 W WHITTON AVE,85031,Active,MARYVALE TERRACE 3 TR A,1956,3,2,1365
1049,530000,1313 E Dunlap AVE,85020,Active,Northern-Aire Estates,1969,3,2,1849
1050,450000,4416 N 18TH PL,85016,UCB (Under Contract-Backups),PETERS VIEW TRACT 2,1945,2,1,1276
1051,926500,100 W Northern AVE 1,85021,Active,The Collection North Central,2022,3,2.5,2136
1052,926500,100 W NORTHERN AVE A,85021,Active,The Collection: North Central,2022,3,2.5,2109
1053,975000,6706 W TIVOLI WAY,85043,Active,None,2007,5,3,4423
1054,850000,207 E Monterey WAY,85012,Active,MONTEREY MEDICAL PLAZA,1956,2,2,2642
1055,395000,5017 S 19TH DR,85041,Active,BRAEWOOD SOUTH,1974,3,2,1290
1056,485000,1018 W 12TH PL,85281,Active,PARKWAY MANOR 4,1963,4,2,1529
1057,445000,1812 E JONES AVE,85040,Active,PROGRESS PLACE,1955,4,2.5,2004
1058,875000,2130 E Turney AVE 3,85016,UCB (Under Contract-Backups),Turney Court,2022,4,4.5,2530
1059,895000,2130 E Turney AVE 2,85016,Active,Turney Court,2022,4,4.5,2530
1060,887000,2130 E Turney AVE 4,85016,UCB (Under Contract-Backups),Turney Court,2022,4,4.5,2530
1061,940000,1008 S WILSON ST S,85281,Active,GOODWIN HOMES,1945,4,3,864
1062,600000,1204 S ROOSEVELT ST,85281,Active,STATE COLLEGE HOMES LOTS 33-40,1950,5,2,1650
1063,550000,1221 S WILSON ST,85281,Active,STATE COLLEGE HOMES LOTS 33-40,1945,3,2,1218
1064,500000,514 W 9TH ST,85281,Active,MITCHELL SUB,1948,3,1,1152
1065,450000,1036 W 10TH ST,85281,Active,WESTERN VILLAGE 4 LOT 127-144,1961,3,1.5,1290
1066,399900,4109 W SELDON LN,85051,Active,MANZANITA MANOR,1977,3,1.75,1823
1067,399900,4435 W SUNNYSLOPE LN,85302,Active,SKYVIEW NORTH 1,1971,4,2,1555
1068,525000,10637 N 16TH AVE,85029,Active,DESERT COVE EXTENSION RESUB LOT 19,2021,3,2,1458
1069,650000,7837 N 13TH ST,85020,Active,SUNSET BOWL,1977,3,3,2134
1070,475000,4027 W CAMELBACK RD,85019,Active,JOHNSON PLACE,1948,3,1,1140
1071,948040,1359 E MCLELLAN BLVD,85014,UCB (Under Contract-Backups),Kensington,2022,5,4.5,3314
1072,300000,330 N 21ST AVE,85009,Active,CHRISTY ACRES BLK 1,1940,4,2,1373
1073,699500,814 E LAWRENCE RD,85014,Active,BEVERLY MANOR LOT 7 BLK 4,1975,4,3.5,2491